PC1,PC2
-1.6748364837388907,0.5027933135697916
-1.7947880143112798,0.34229914654470933
0.11830187891339432,1.3195855721473793
-2.2227416372493036,-0.6246005082603224
1.0002483464327776,0.5125077494490502
-2.3009944340505486,-0.3415948940878736
-0.5210517903828934,1.1471059140017983
1.5946128168870313,1.0882081392347223
-1.066831195655818,0.5456453366963351
-1.4173686276582143,0.05701924632546291
-1.3384031224648747,0.0030892704761466224
0.25141601028373034,1.6002075443800683
-1.2128900354867382,-0.5674455941771253
-0.7349888088079339,-1.1800859138029092
-1.6918993396990336,0.42093198670121396
0.44750263940158513,1.961271729770607
-0.4589573137170771,0.9997119510261051
0.3553277030757312,0.7725295422794224
1.3185711078853686,0.3937609270165134
-2.692083053384813,-0.5817927693737959
-1.8477961117923785,0.8749477674966153
1.0002533542439436,0.5125013455208192
-2.3613195101639346,-0.7151545565665713
-1.3239529404042498,-0.3236573803365476
-2.4899079313907606,-0.5456962588409089
1.3945016258477032,0.05064282690990562
1.005253785930538,0.741000624916634
-0.7796756562546345,-1.1468297481979284
-2.6597507157822666,-0.024462911702283794
0.3691166703071834,1.864887224586188
0.8165567500267914,0.604729234264264
0.03670011893901169,0.7937448281061327
-1.6496355667931368,0.4950766974635879
-0.9796066956379054,-1.6661125915203134
1.394039245608019,0.5367078964602422
-1.0533579863836153,0.36456998382419026
-0.9955584580035531,0.4285394759164006
-0.1634916314651915,1.3387679643421444
-1.0856401416700467,1.1658718887475341
-2.191320808203037,-0.5734922969538494
-1.7943397381514683,0.5353444150121358
-0.5734452342867196,-4.184394812786113
-1.097872090660355,-0.5762408030515697
-0.2943750216508668,0.4525171619698609
-1.0321422706605445,0.7992058599840218
-0.6156149111482851,-4.524516219562962
-0.9984272066129719,-0.18718904642660344
-1.430880719493053,0.5971584259653979
-0.04940113652519915,0.6935479051491145
0.42374736712745925,1.2921699925139394
-1.1011353755256532,1.4847278861287576
-1.1209924479652433,0.24419194532718547
-1.142951820131775,0.20972671036156626
-1.488251833297514,0.8443412457954278
-0.26982050810738933,1.6675094829134867
-0.9672174874226347,0.7288038668873592
-1.4225819005276636,1.3248993086871204
0.8132241677626159,1.6021945293390902
-0.2670665746690368,-4.408250500786257
0.2785528238683132,0.9411002020261093
-0.3357869061404048,0.20599975696948153
-2.583416098732273,-0.8291813701514724
0.13915116721874396,0.7897906574361747
-0.9204421769969806,1.7378954002985474
-0.19348578006732853,0.8965210987321183
0.3047457758410609,1.587629234413153
-1.8812680537623814,-0.5052809146980468
-1.1283931700824028,-0.5739372776235993
-1.204537652378561,-0.7041831521603292
0.18137138132607036,1.4515858598927203
-0.16535184676474646,1.7761671794866971
-2.4464647045398866,-0.532180130161058
0.49981904467133204,1.755344006254772
-2.6399887424073336,-0.8212087934214155
-0.44741769983509516,0.8668335492072226
-1.736454851509937,0.0931025554983468
-0.3644395047532062,0.02291846482028152
-0.6627003552203216,-0.07701697863775939
0.09659550003220506,0.8397173423585029
-1.74970817322557,0.15338815167638203
-0.5014664188757649,1.4127652078220552
-1.945036284816267,0.4511446445577839
-1.2601764987677078,-0.5347248062916912
-0.9916957554477653,1.004944039969274
-0.5167366170755742,1.284723964716474
1.1796844637723982,0.691629567064399
-0.6103351280570133,0.29291904706609806
0.17944296660454176,1.557897909477878
-0.09366555016224962,1.4556228972909393
-1.362518827335832,0.013485836035502083
-0.653403370109648,1.1398346662108325
-1.8112432064249882,0.30695332091322597
1.5127686941169778,1.383232734484824
-0.16136060544320438,1.189317004492105
1.4941134236973517,-0.15336235408548826
-0.2307226623217754,1.243543191736833
1.6013215435515171,1.2709847821299445
-2.549393115052352,-1.1074874491628803
-0.9101327909541016,-2.2694682883044712
0.5525464640559128,0.9692829874140511
0.262493447172807,1.9316921019548752
-0.3270049581687539,1.7368550419012971
0.6315682927536733,1.2426664119532782
-0.25198257887578757,1.5135915124115997
-0.004279003811668552,1.7677348123916976
-2.2412018670644924,-1.2429034648487407
-0.8917897955453447,-0.7833838400327244
-2.255701294859177,-0.8205749202614641
-2.242079701595093,-0.9374893357386203
0.5130204806434245,1.379150380742086
-0.6717168562191596,0.48522174059634765
-1.9939819303952535,-0.3228458661134394
-1.2333833822068272,1.1069345744837973
-1.1718837552062136,-0.0628411410641655
-0.6654903932677833,0.7324749638376894
-1.3903643761653686,0.8138188164387895
-0.8384698806774901,0.6961569442684885
0.14083130516922326,1.5974687258219775
0.9403474652947093,0.8088764533337565
-2.3043226004223456,-0.8397121222068294
-2.5250029340587425,-0.9554504561909576
-0.9142382238319422,-1.8178602805151114
1.1574788505702733,0.5816751208052825
-1.1556802565579505,-1.8137079585661093
-1.1526248101185002,0.7480238377621233
-1.0369337408390809,-2.3869453032319154
0.17296839772497422,1.2348190708417295
-0.44920582685497795,1.8353963865915677
-0.09966149601557364,1.4870655974512315
0.566304764814407,1.194385807901583
-1.9824600059489597,0.39082182727248804
-0.6776934079140664,0.745562716659884
-0.28667853699046303,0.22130338680470055
-1.1384464390101021,-1.8460757154137657
-2.4696999201348033,-0.7469669590231754
-2.62865933921543,-0.4261099328705232
-1.839567220243853,0.5580543814504382
-2.629156213193128,-0.614929507371161
0.4726179862134359,1.2800178785196166
0.36972821242150194,0.539397128277502
-0.9235208221300212,1.2079815534734417
0.4591750911618517,1.6212814664954678
-2.3746911273899025,-0.7975284953004538
0.6523438285377132,0.46759105853267946
-0.17021102751368142,1.6760154404317928
0.7191897539484267,1.305806511493551
-0.3260101108413095,1.2700977494282615
-1.245840405421133,-0.22945793527178066
-1.80718825702175,0.29832005143726453
-0.8381253534463103,-1.3864300126969547
-0.44172543084858684,1.7206561068911792
-2.5557332395323353,-1.198051026880425
-1.2059369871209826,-0.3049123785745708
0.5839318285043029,0.9842186248741378
1.0637580492207508,1.2721446440379152
0.344690250947822,1.3704677990579832
0.6703164120428254,0.9353426937300303
-0.18787164842692505,0.6717983082647584
-1.062490699661506,1.4069958900725126
-1.802954007831864,0.23684223274768273
-1.0689218378468754,-1.076459122890762
-1.9584226153286886,-0.6964783464985099
-0.5393731841084696,1.7665342354690126
0.2426050930340132,1.4474919224367233
-1.237581956626503,-0.3236301563527741
-1.2921170098712162,-0.5708997513388201
-1.1128855815651517,-2.046804999705582
-1.0296615163527725,-0.6014368101740545
0.11277915848775356,0.43878301669383757
0.21999020672618788,1.6536499419254118
1.5067024020281075,0.6348402997343933
-1.116871394928417,-2.0081080934308715
-0.02502642835781325,0.8613689189901836
0.4563205010964541,1.2731036275794343
-1.9589364844180404,-1.86400778033988
-1.2141576471467181,0.7325103345543021
1.4587651036144096,0.8124001056304674
-1.9020379781711436,-0.5378225427970798
-0.41891505316913197,0.5920213841234155
1.3571721376316108,0.6749343376663363
-0.8664956015637993,-1.4072682598323019
-1.254061617575948,0.3336645310064472
-0.9401833349726143,-1.9029126097588194
-1.004700125768773,-1.5990611464336244
0.6102251780025966,1.2487035893088239
-0.7873860206508787,0.5274973848347779
0.2771314190816922,1.5475777109155016
1.0896283924818593,1.0905548505495546
-2.46540180866112,-0.9099091375813455
0.5355266897572343,1.0080762787524093
-0.6628565714782992,1.4224051253282806
-0.07337009948528615,-4.866857767540124
-1.5191175034541826,0.5277791929434291
-0.938555821333852,-0.12542050615434286
0.2348993303789362,1.6744682820004542
-1.6723902608812253,1.043715731149294
-0.7437980132206327,-1.4244781870107674
0.4400292904999495,1.4628983779488083
-0.6156161631010768,-4.524514618580904
-2.434397869259534,-0.7775420082465362
-0.7784781764953227,-0.0005924987286507247
-0.6371497930682374,1.6921372725355606
-1.573634119480145,0.9030142407688132
-1.80209151253457,-0.007813739381005358
-1.1948068868902657,-0.12122110298243088
0.5588643645992071,0.7351141603476
-2.4507753992273407,-0.7265299265911764
-2.4712276477914754,-1.108865245193456
-1.6996660563783654,0.07382286254977367
0.49567048868995195,0.7680785322889817
-0.34179546488478146,1.4137113191036381
-1.0287998386195891,1.8157416057668507
-0.40263663205034333,0.5369226970822664
0.5494819843145051,0.622834576053617
-0.8545541009847604,-1.0519120207189658
-1.7792336532005926,-2.1584186290659244
-0.8227805016472025,-1.5529605165511986
-0.9539648488811328,0.6659457995039051
0.6460468630613542,0.5532547024201093
-2.6122776769447893,-0.692193017562188
0.10683246046169735,0.18661129649840086
0.26928967986035846,0.905313121064671
-1.3306113184063817,-2.2146220202349043
0.2121225129714426,1.0641701845208584
-0.575775696484074,1.96270920015448
1.1772964137700017,0.671294916106905
-0.9252905582218992,-2.1776264122552345
0.421062768969307,0.8537735827837256
1.1402313390808143,0.8460065119389653
-0.4352385543309373,0.9946997323746906
-0.09355804301119292,0.7513833150744271
-0.8837810568254184,-1.8526864355810508
0.26704571514830405,1.6420179363718326
-0.19148490861633888,1.6900924935690531
-1.9127323807982146,-0.5876800306972307
-1.1458314275863177,0.7784947281045725
1.2221211969357868,0.586563084656712
-0.3286707880997759,0.5114401895874365
-1.095440702426558,0.6494967534266682
-1.7583397210662053,-0.061916986652676066
0.16043195563200527,1.5725404495131932
0.599545342958361,1.2302248859940725
0.6051747329207592,0.8681462720623159
0.008670681971674577,0.4061351595656546
-1.3323987681281688,-0.43084705320573974
0.37331068391216793,1.5007794901430354
-1.6738111151272717,-1.3448931968500375
-1.2213701245597208,-0.45535413365348537
-0.991607323308664,1.577083674558327
-2.5682734245578263,-1.0782345631987906
0.605481729507379,1.9447163063901847
0.2959666271466138,1.2517743832686028
-0.6377397780526894,0.8779618072701068
-0.24678846820558964,1.4252741132555795
-0.2080789037800058,1.040160577512875
-1.4435166840185218,0.445091061838324
-0.44963615860398315,1.1588121102857112
-1.2908017595824313,-0.3814848854123141
-1.841870410298471,0.5460492882493247
-1.0955882576650824,0.2916582302365137
-0.3939185795315562,0.5977661037023262
-1.0265139299897579,-0.4746289176535457
-2.4047142589493173,-0.8627968897482772
-0.650966415199617,1.7289261625960393
-2.488610345849432,-1.0281675707822433
-2.4594452668236286,-0.2575575121746672
-0.08084375533391143,1.6283891601229357
-0.9488632767182061,0.7729355504214445
-0.4783528715125097,1.7341355672694123
-1.28765041734744,0.624740694553452
-0.3121252512725735,1.3478632988959656
1.352158839798707,0.4511760957496112
-1.3876187049152766,-0.3849424572890901
-1.267238365916511,-0.5608515274766235
1.2585458741273037,0.9819359851346625
0.20030249554712284,1.5005370723759257
0.5764785761754248,1.1085054017268046
1.316053277630569,0.9533986036928598
1.523840866502315,0.917146081096983
1.2892025540101129,0.47582527018436077
-1.6821226228148602,-1.1906219407291994
0.3992009486423291,0.7472408070462615
-1.0781863081378715,0.26595400015403375
-0.555414488212936,0.6362096779230091
-0.15653419793263887,-4.903179883778316
-1.4121068985394831,0.7922240943910449
0.46366279729765675,0.7806650951293351
0.20041727991756644,0.9600724795839842
-1.1035550092788624,-0.17251542562246652
-1.2359595098732514,-0.8795306324726004
-1.127212128784813,-0.3846540184528759
0.5478721148480463,0.5479591071560552
-1.69135890260914,-0.016112288400523037
-0.9422991492091535,0.9048853218704345
-1.3180644779694346,-0.1004831799102161
-0.8092196143980832,-1.3869037314538697
-1.9996513477704463,-0.6976640518708217
-1.3900848171015443,-0.3870083742448939
-1.8183963370825156,-1.5242520485620246
1.3136369569460904,0.4129246844149655
-2.5443751518763835,-0.7478164739022648
-1.7163629433172058,0.43994012558933326
0.2112076463823541,1.4417306091304152
0.38739672209811543,1.522966705151013
0.11396854367950128,0.769939975367506
-1.080061061228174,0.19784718861084982
-1.2822670823194688,-0.015502314124233257
-1.4795562587840876,1.1799699610726433
-0.8701952891311978,0.19568271430903056
1.2819180587270498,0.5865396686701039
-0.33994202813704744,0.8893783057412121
-2.2244707670492896,-0.500147360698921
1.2673661823702929,0.5642754053908994
-2.3630638923253766,-0.740221518258108
-0.051684451373107315,1.6438842143792114
-0.4957838983577199,1.447937745803505
1.7355605457698808,0.40480447670644054
-2.6054300732832463,-1.0578202472264706
-1.1841760107666803,0.5947901121501343
-0.014200182030411426,0.7294567955968956
0.027852750047071374,0.5499362166047362
0.36946116024999304,1.1440764264882513
-0.16209828957702055,1.5914433753533985
-1.2594286613912247,0.4720928110201012
-0.2220609174065942,1.4019018111469916
0.7842520188498701,1.832249137054948
-0.6827833558509251,1.0889793790148008
0.4844545309416252,0.9150308555144738
-0.3071202576603321,0.3978475889838364
-0.7828645637351953,0.6228014117823237
-1.7316376324174978,0.6755515376384632
-0.134067272726853,-4.394924520318197
-0.21996592300949636,1.5546893555337131
-1.6231810217438751,-1.1817526634217919
-1.2446750746686874,0.8107506768744484
-0.1690251503216762,1.4766263777068735
-0.18078579829447547,1.1586541604462783
-0.47227857701919235,1.023066514721849
0.11668316036227443,-0.8273860921737098
-1.0324364786103208,-1.9884275120666468
-0.3017754007393674,0.37326128971400335
-2.2588503057640206,-0.7236901770240299
-0.81893613656107,-1.1556373661971608
-1.725686428536335,0.15913988896614928
-1.6720094999630735,0.3226019423199858
-2.2231520520434045,-1.0274706397219704
-1.0535831287001622,-2.1503557800660835
0.739451042562908,1.2616259273593846
-0.5260975726978787,1.0009964537559455
-0.26776716129081524,0.80815375347572
-0.03348805725447429,1.358730757856371
-1.548711497491914,1.1277401187681952
-0.27187113428568044,1.4023559291893397
-1.2468649746353142,0.7512799481527228
-1.4043441788088675,-0.1765083734294845
-0.6678749017564897,0.8761788921309437
-0.09684407510612013,1.103179645547041
-1.9374430873970259,-0.6269615906453192
0.32846411502337486,1.3981861835189693
-1.722901178979052,-1.2569317250842285
-1.4458532651781373,0.12348892611934072
1.1587130953564249,0.20068022000854724
-1.691146843345846,-1.3477871525740868
-1.7242257900315938,0.21356864974578627
-0.9753360290306294,-2.0372168843982235
-2.036019710604594,-0.6085334050410367
-0.6109395188480918,1.2102291905664144
0.715486126004418,0.7431637716361974
-2.5499618274276075,-0.37523722482112193
0.3498499578061407,0.7701542783299168
-2.430167148043599,-0.9184876686955941
-1.6525444760724481,-1.283497390671963
-1.1371951865558427,-0.03158316380148111
-0.7884131873770812,-1.5250100779295013
0.2617457251771757,1.8193410299569677
-0.7454093187528167,-1.4317117667794204
-2.5126884422349485,-1.0711422345272767
-1.3045468726361509,-1.0621791767111808
-1.034324262615791,-0.19569369598009378
-0.36965961156529253,0.3629408440528867
-2.3121842265269748,-0.642398532965404
-0.1336104083748608,-4.905918189919129
-0.889767748961558,-0.08942190252763924
-0.471285515185874,0.9968465921914498
-0.39149109107015007,-0.19282686276028305
-0.11411189192317502,1.6289929972440222
-0.9342916866273219,0.34914927456519695
0.7511839307133426,0.5738338985146378
1.3620725751619531,0.9691103053006346
-0.7120846686432214,0.7347021578922
0.2740784317469837,1.2639774031003586
-0.8589334643343588,-0.7004935261642388
-0.9152190783891913,-0.924247424666784
-0.4928957681395491,-0.14308654591799352
-0.3775652139567518,1.4674448652945504
-0.7026803641514986,0.1549718688134985
0.5371066654771305,1.2312636950972897
-0.12877083764519512,1.6908352518545575
-2.267087669242512,-0.5632305838657701
0.2445125753909996,1.9272786474220065
-1.7709577671941987,-0.2703113022872211
0.6290978212879915,1.6779037624644708
-2.5658350853256304,-0.7754790012859482
0.4806924050922872,0.5656297840434508
1.0923972755430322,0.4803995833820571
1.3838743875813044,0.7153077185150252
-0.7925090128323539,-1.6500091000053032
1.2251335542125574,0.5881539501800609
-2.5609145767701262,-0.6741175393161714
-1.0724611208741441,-1.3031648415941095
-0.732783829054287,0.7221056828871719
1.2611097615525062,0.4498938521936414
-0.8249700318098175,-1.5530051466190087
-0.20851758071402865,1.1781992982453988
1.0809986988357116,1.1069165677990644
-1.0199456923703258,-0.3313435625009359
-0.27773384639984067,0.5967797748404181
-2.002157237637392,0.393548534533779
-1.8654624413791026,-0.5222192570722626
-2.6110967100225917,-0.3802357280131253
-1.3260721094329098,0.022482746462420277
-0.4031498372460246,0.19171973035256407
-1.2720259291297875,0.8797822022141211
-0.6167625824680144,1.6880733948863107
0.05430131210329396,1.691820257923574
-1.6568068170955808,-1.1738433657309557
-2.223030981763278,-0.6899620950224038
-0.5377442108759739,1.0770248224539118
-0.5855801282682022,0.615547629622923
0.3671794059392488,1.1569247818696256
-0.5103758483074803,0.7536469429230414
-0.5252031516379404,1.2168860474713548
-2.418871073557256,-0.8317828817757373
0.44541423871990643,1.7048449557236163
0.7336351733981278,1.800789977652637
-1.8784153049650536,0.7161402323244985
-1.2429889852670812,-0.29970150848887206
-2.244804502537409,-0.5734632312499662
-0.6125508279846126,0.6525035810070359
-2.1531567182229208,-0.9117979886868608
0.050694783940331986,0.943343381966356
0.34549173437968217,0.7478703275857116
0.36993922417947445,1.8261127362666312
-1.3949520503356163,-0.277707661443513
-1.214912181456875,-0.2269890989800627
-1.68064405723091,0.24162182525374923
-1.7113133206493154,0.6346657047709162
-0.8659914646564363,-1.4331696704587042
-0.4200532921964483,1.9165243551842848
-0.11164811255850603,-5.236089506250264
-0.2026380022306568,0.4147120722146113
-1.695146498923069,0.18811225621233554
-1.8227897331532987,0.36847453362909566
-0.3998174011468065,-0.019223758498750385
-1.283661298293349,-0.5183575429245502
-0.5774487317451329,0.04845405290190984
-1.3109861841253059,0.8012080277380389
-1.3067392083900535,-0.00864242308222688
-1.9583637259136082,-0.5649683620667844
0.051821172208268304,1.826736808383084
-1.2342826441092642,0.616265004257652
1.206655981749747,0.3013720324863991
-0.17256677888602867,0.7492604455144598
0.9425061735772164,0.5716703036799802
-1.7772387079798335,0.1338396467089137
-1.0657714190510978,-1.1318337446679014
-0.8264940045591137,-0.46151396752351065
-0.5506595297379363,1.726765788714237
-1.5383553564395709,0.3496260947025336
-1.4876784453182417,0.4775001303984867
-1.7722446528637499,0.3097220728686313
-0.9834757572946877,-0.6006671775276209
-0.48391582256715976,1.0263465673121865
-0.937677952822728,-0.13436505680412397
0.8088701460353834,1.5079763429642656
-0.6848608420447932,-1.2696873426389634
-2.3040998262178536,-1.075416730530527
1.0206219030069645,1.242993270862593
-2.0635565212734317,-2.0683132409450575
0.7615613703359984,1.6632987337458582
1.4920521513460594,0.9535234137760255
-0.6564965322345528,0.21099448264045467
-0.6477287053947661,1.0878613851641654
-0.08727839759371868,0.5688654049845417
1.6005642226014665,1.1921226794165722
-0.517388241825515,1.405869814654056
-1.0725419353906458,0.4672115868330544
-1.6519824287945912,0.046875107372132206
-1.3346180437867712,-0.6218838302380172
-1.3404063934634527,1.0233082838252487
-0.37190281434160694,1.679638154994988
-1.0656102703222525,-0.650819556973496
-0.27948373828080947,1.2456948640341001
-0.36994300094947635,1.3509636736542519
-2.2155978907974316,-0.9904028660747686
-1.682026603223402,1.0201055815716797
0.11449274816124218,0.9384058244303173
-1.714035502447418,0.9367392252878752
-1.0344569684215505,-2.334139936519942
-0.20747403611573795,0.8742708100261255
0.07319592628082465,1.5699174797870619
-1.262889874841077,0.492316133602226
-0.9535022652219425,0.6552220891697783
-1.653627461064474,-1.198812449624911
0.3631880035571905,0.2644107869155395
0.3490109653760314,0.9673813995327305
-0.15451492855012616,0.3214006030524312
-1.3521558826502156,-0.30912992215835483
-1.458746740762569,-0.5928043887047605
-1.313059475481538,-0.31437358303327595
-0.14951167915410798,1.6860397853529117
-0.2030492618487216,-4.708758094774183
-1.5849610848787272,1.0438131717161947
-2.262926684872531,-0.7098999904030083
-0.008391778241032249,1.1169873814041456
-0.5427760496485108,-0.08566624624388952
-1.7648008105495905,0.48632009250848246
1.2958232762824913,0.5516677870632738
0.20685365792656138,0.8919383717332906
1.3055059171480496,0.857233248109547
0.6390115286495911,0.26601109177111937
-0.584789924488195,1.4353074021155243
0.06700033158351555,1.88553744112267
-0.7029290272189196,1.0216651192699369
-2.1903656072154742,-0.9029194234807365
-0.1763714321145686,-4.5372450395853186
-0.3961294613681372,1.4625004354633269
0.4402462618752539,1.280437831069806
-1.3551165242462542,0.08946119688895571
0.6068283264378252,1.4286551246526051
-0.8303077473767096,-0.13671832333523787
0.020430229741670625,1.7170232524015616
-0.32751096380346567,1.4455234964608625
-1.9276879618656697,0.17958022064820545
-2.374429863162992,-0.8613073468198832
0.5654844585264529,0.9951928459433309
1.0951633297571286,1.2546222590165501
-0.538660614859688,0.584647891509371
-1.1322965524039108,-0.3237135393472193
-0.23702007005416822,1.5193493591371812
0.46103570842483715,1.4825522538964593
0.669898139997371,1.2803249755420387
-2.6213289530582213,-0.9923290295072538
1.3182019583215612,0.8405005541624119
-0.06867306617638723,-4.918621124423065
-2.4849452742084868,-0.7764320688663264
0.5240469995448475,1.3370929736886723
-1.0851188029207064,-0.3262292761116817
-1.215197781025277,0.027301581557124737
-1.9540903004532528,0.3301619609188746
-0.6225571805583959,1.282631696804944
1.6201666144875622,1.0626649430165105
-0.3417555308035816,1.3378479826940963
0.761242293970694,0.7620956102711096
-2.6607518448527396,-0.48340114067728407
-1.8216023334577462,0.09280304370012536
-1.3504405139126283,-0.02188477288076768
-1.25489575796014,-0.027509839426147795
-1.542492396698393,-1.2883842453451904
0.4665818291498787,1.2320820594694175
0.5185247382499272,0.7482610407733645
-1.3588601552483628,-0.1191722360874895
-1.8446664545026719,0.35127315503219847
-0.24882254960568903,-4.8916684918525
-0.21303450893757767,1.3830134120116717
1.5723630840950413,1.1841038112692224
-0.6039116508779249,0.07546920342589586
0.5124891928788159,1.2786008284052663
-1.1243602642676265,-0.3523078779486952
-1.4259531567806671,-0.3296259248471465
-1.39459898440979,-0.7939904724452508
-1.2577084255776028,-0.19361254419395574
0.27485212359191874,1.8374068829295058
1.4606323105699461,0.5720568314344203
0.3500960841117792,0.6882440274488428
1.151164310713584,-0.05024704922763782
-1.0048469580393313,1.5024832117003237
-1.4514501594260436,-0.18682730012311327
-0.4166352551116935,0.2540211371682175
-2.7550750905721264,-0.579341483352662
-1.04815896480906,-0.6549911572681087
0.1982429809675025,1.413644205764224
-0.41839241632571195,0.654870278667053
-0.21218517484713578,0.9623294969305396
-2.2981905689400306,-1.0622955336283413
-0.5518103481623431,1.1107538423446608
-1.2490409048236382,-0.27183103906519107
-0.12064800311113764,-4.5071929562212
-2.7567869235853935,-0.5460009562328112
-0.9591846858463461,1.529442119687833
-1.3352362733749457,0.47465784515962955
-0.9574685272900545,-1.3791496111011345
-2.31284469189078,-0.6925605192512209
1.0703973583890627,0.5794062576676546
-0.39004915066634827,1.6835403638349002
-0.8774124136376418,0.7465132562309074
-1.3720942174958555,0.6203988838145603
-1.3946014883153728,-0.7939872704811353
-0.5308678663301439,0.5740254588761485
-0.8549365683169857,-0.795831123865521
0.5776360822484526,1.378308719007056
0.03644643584785813,1.7274942945361202
-0.33394521847461145,1.7210427191018007
-1.2829289605359548,0.8965040401217877
-1.7298027202242319,0.4592191205247039
0.24924399163127445,1.5927586038000432
-0.6301824366945293,0.704650983685331
0.3810797297806759,0.778215100027573
-0.14550148034730037,1.2836727789373827
0.5344500239729844,1.008257193728027
-0.41665036744525263,1.047112189933155
0.40583006704502195,1.1038721573319505
0.7014936326147897,1.7351095631891182
0.06946627201130891,1.6596056880606225
-1.6023324167884372,1.509367377967781
0.38645576027475037,0.7114636141849329
1.4967500856081961,1.1482454400904756
-1.2046392757664275,0.7684986242172359
-1.0059490388976189,0.7525204422821241
0.24969765689952297,1.3814063752257402
-0.3534595529399359,1.2984517086188292
-0.39533475907883525,0.31186577140344734
-0.4179214101671593,1.7125678589209092
-0.4563363626480095,0.08160170838075384
0.29315592134828156,1.2549638190544403
-0.967195704847071,0.5051688486768238
-1.6722079726174193,-1.1364139568951053
-0.42025282277781006,1.2062470554152442
-0.4851154235831906,0.26109123309716425
1.3941102672034098,0.7815667271376033
-1.0839367106973963,-0.5087407022212754
1.028835450563377,1.476378937948609
0.23195806753894868,1.6359170925789464
0.9279942029060104,1.3996984698027541
-0.47043066524639776,1.0922553473158407
-2.1877035547380403,-0.9577252515921935
-0.8625296027345224,-1.139524409909489
1.643780080025355,0.6917945786594071
-0.30925414687978964,0.6960425800808208
0.18248017109366407,1.6667911605534704
-0.5305246058315394,-0.03333725801523666
-1.8157347860219393,0.07332840779897123
0.29251343642700484,1.334164295816604
-1.1089937574434208,1.5310235589265877
-0.5913519966353408,0.7188681489330748
0.6192841737374106,0.7132273248813263
1.2539740686022165,0.7938257544450787
0.11278517005608933,0.4387915599935423
-0.12445991838438324,1.8823747277990122
0.5180720966004573,1.2903161559518654
0.6523455770186739,0.4675796222349038
0.4644340061860583,1.0246441480676862
-0.8274124472631861,-1.8687431418215128
-1.2980807034951103,0.11597620870442306
-0.4915604516481647,-0.011649819376561848
-0.8331633837301403,-0.16610885823084143
-2.0236387672913168,-2.0063386983487064
-0.09908501096248931,1.006934208159023
-0.9487633669786891,-0.036851252690772475
-0.45682746840695354,1.1250805630470497
0.8819261957513908,1.0084729737209506
0.44665465989047953,1.339316793740294
0.4639036973215171,1.6772877165317464
-0.8475491453355792,-1.8880665592620833
-1.601722981175293,0.39323973290877645
-0.496965748524461,0.16852077486118824
-0.6647657917927751,-0.3884468707508167
-0.9789243571519262,0.14310304139759256
0.31930285523584984,1.0098389326741934
-1.5388243899756593,1.1460132081368128
-2.5104358013571053,-0.8646839176072829
-1.4301658844789882,-0.2644848751797481
0.2926599996163252,0.8083950449200297
-1.553799995967702,-1.2295355554145073
-1.3898037346192451,-0.7800648516470471
-1.1923494684477107,0.8501698984570037
0.802997725380206,1.4187757514153072
-2.4501618916473875,-0.8749989358298682
-1.3060931346871716,0.8121764200787367
-2.708848766322162,-0.5786577122598501
0.6469118633300642,1.7778081983060474
-0.19975667882658407,0.6206389372119834
-1.3554942945075452,0.7127260493095068
0.2329414154246087,1.652604426091596
-0.24152383156260931,1.5005921693813637
0.41313841051300865,1.4502300359872704
-1.2080269207180054,1.2656330787825048
-0.6569257630025457,0.8599264950276356
0.10223366459245418,1.1048202540410361
1.2570495677738518,0.5173573527786
-1.534316427893532,0.8128926598659386
-2.415861278952951,-0.747235110489845
-0.27217212263975593,0.8855422913911456
-1.695425511925233,0.4351657471538146
-1.3022234065615257,-0.09536397099302307
-1.2093418059718077,0.9703330680980131
0.8317366614701066,1.347131888756787
-0.4756165427257056,1.7262896707615452
1.2080428989691898,0.47397613036048736
-1.896977259807751,0.3823561824068265
-0.632995591730315,0.13358715237079935
-2.0443675252922033,0.37469068080845247
0.3020745902169217,1.0728744871131703
-0.9651559926017658,-1.1586074912894322
0.008663938802003685,0.406140005372335
0.8993914639119072,-0.045880852032479776
-2.0337847558599087,-0.5689010884337673
-1.2122730047480381,-0.32330428026234176
-0.8165932896139537,-1.737394679933928
0.2852501106677969,1.4796054143043518
-0.19681582563802283,1.0171452279188196
-1.1008330143775575,0.9156914491925244
-0.8493412100255446,-1.497201248072608
-1.6358666318241517,0.4045221506411966
-1.2342540054296676,-0.3402369518458168
1.5563218678281188,1.084287502796441
-0.08745515782101697,-4.9206350341542775
0.33613183840280436,1.3546142624431934
-1.1698266373958959,-0.3849578594212519
-0.560322075037007,1.697058302611144
-1.861506642473034,0.4624863880638388
0.07571800335458888,0.5141299593009783
-1.5741052936021271,0.7518710473640725
-0.5997296051091786,-0.06298493573825942
0.8296508528410731,0.5696917403882213
0.6889803049861689,0.5677985145953054
0.7670342558067565,1.8115079699455159
-1.3725087843737331,-0.589386292510009
-0.73228786145035,0.07714603578347762
1.1579915582557472,1.5455468423764585
0.5654433391752117,1.4335014790805303
-0.6423701556663973,1.57930384771686
-2.390937272222974,-0.7222858068305017
-0.2845207475867156,0.883244904564399
-0.48905753800530205,1.4660416468962845
-0.9890704861085122,-1.1829066500708765
-0.06527471529278595,1.4312455291536692
-0.4891197665750481,0.8077932115172155
-0.48109734004743276,-0.5447837020791629
0.05968292632079138,0.7000009835869265
2.176332331415116,1.0147698580484807
5.309908378492769,-1.6309881997946252
2.82515354308509,0.7911196371158795
0.704752530843145,0.6396800866244272
-0.5632779957537485,-0.6711970617072426
-0.687989929023659,-0.7800025623018466
-0.016885225686454477,0.6086836571135937
1.7101591410222805,0.9317393757731434
2.504186559238858,0.4713635417065429
1.67698456798277,0.83718059470674
0.1554079502702944,0.5828645417605998
-0.9919245059669001,-0.7452365646806014
1.0269720037794512,-4.867111557831875
-0.3144805356952277,-0.6955598390120642
0.7949483292018199,0.8880876683994331
2.4274147274450515,0.7327986518082482
4.807952964186799,-2.0446574931423123
1.737420493331093,0.640931646708618
0.14093186254046786,0.6781702367672766
-1.362011340572916,-0.9709793479602022
-0.5803601706931277,-1.8821438002782707
0.5041282744553871,0.2908071975400127
1.9155291085337092,0.4930370788165133
2.5241617801289205,0.130129800607744
0.9028752352516627,0.9193233188627209
-0.5437083733537653,0.6276010099648269
-1.558111677486897,-0.9033635536918347
0.6216898740704319,-4.722140870785265
0.7258805784355147,0.16309057601345317
1.7854151138263936,0.7782438415864176
1.5576583056038515,0.6732361667848242
-0.2665044353994925,0.7372355848584289
-1.5119933282509543,-0.37319114994267183
-1.8599776697771175,-1.6722290585894766
-0.7922522235040649,-2.775782444161639
0.15354653365037077,-0.412159894211703
0.6858773709458321,0.42031049216635497
0.35380963906065116,0.4817019534560532
-0.6942628782136978,0.3666628405400617
-1.1137652435040233,-0.1074085673339564
-0.9690580259639097,-0.6882920204502238
-0.2407523092035573,-1.4103269027304635
-0.3780541634541929,-2.1100836705048045
0.28325868100149904,-0.6479597727866137
0.5395845962511983,0.024824826898198007
0.08514759192761846,0.052760801720914345
-0.6138663118967409,-0.0861238137892465
-0.4594676851424869,-0.10864278888326145
0.044700124224629836,-0.2353071797483598
-0.009250810184371874,-0.47968027188047085
0.8130233902626969,0.5714762340016981
3.9681303195395365,-1.7740624130171805
4.148262479158133,-2.0285212645266606
-0.16491525813329652,-0.5086086573628728
-0.3685359986203361,0.2710196040878843
1.7083751114071353,0.6604078721906385
5.47225296009598,-2.27126142132974
4.423541897054768,-1.9652724197825822
0.9136088138867744,0.3392891656281832
-0.45353969697144986,-0.8280187267406592
0.12251584223826507,0.4019591118704577
2.1436940124555592,0.7952086640546295
5.212256841880649,-1.7502584960530747
2.8252061512166176,0.643693325561774
0.6827403792331868,0.46871251296659555
-0.5611552560046705,-0.9090737154110733
-0.6987981925585026,-1.0381304909303686
0.06105935356491139,0.3036485098764396
1.6989961435486616,0.6271152963212652
2.475172519194597,0.28716866855301815
1.6337170443313098,0.6919209107924813
0.1757713999860188,0.46358670686071796
-0.9693573430346923,-0.9625623457744135
1.0104254731858056,-5.044105986316485
-0.3676648507215956,-0.9188830659501932
0.8899537559266063,0.6383739521295039
2.486770328375652,0.43658994202459106
4.727324255752992,-2.291256932745948
1.6723500282121921,0.4949014166560628
0.1320825598205654,0.5748574489534486
-1.3464219908864936,-1.1749876064583429
-0.5678762720913758,-2.0328541158871474
0.5126538142582907,0.12961144328033494
1.9887563477301022,0.3595436966373917
2.3928233094904807,-0.023261338626233922
0.8507130455817261,0.829711204625385
-0.5020787454961884,0.5411717169611264
-1.5184089384057606,-1.127704246670052
0.7048912063904076,-4.831646172913003
0.7769930743647213,0.009265424478662474
1.860941219309106,0.6695746118309158
1.620693781274363,0.5831343219389102
-0.2506738017414905,0.645403797575567
-1.488326990585945,-0.5085601859660982
-1.8062462937262098,-1.8668411146127613
-0.7419288182036063,-2.8606069463249635
0.15444469158393456,-0.5011406111136069
0.6768133555609075,0.2704918747218112
0.2922529084033264,0.31882114569162656
-0.6715955246103024,0.2062960035228216
-1.0906510039422417,-0.20083953878620675
-0.9260449309430728,-0.8355758743247378
-0.21320158555777574,-1.605549757590535
-0.3403886628449778,-2.2379879497641357
0.25414655816707665,-0.7442150232572584
0.5166419065100684,-0.1102441349876325
0.006430880834935194,-0.10540349478193833
-0.643202040953806,-0.18676710746413927
-0.45546286964607696,-0.15972078609566992
-0.021536338938029444,-0.30756045482617217
-0.04939949576768689,-0.7314923458501111
0.7459357488936968,0.3247689788737047
2.4431890978596735,-0.006646727610462565
4.015943977018599,-2.18657055329931
-0.1657318142691054,-0.8101043388291168
-0.3162953087401703,-0.035427097726650404
1.7576926363402403,0.43856493481791287
5.470776355482433,-2.330246018533767
4.342354581661207,-2.0643875084207677
0.8762130696761441,0.22220881032458278
-0.42855490850019146,-0.3400273165524228
0.4372469729843424,0.8454080281944345
2.5039273695368576,1.1870630984622443
5.327925412629773,-1.165217005951434
2.5317851059885874,1.2589997686033105
0.4880220962365101,0.8938923686993945
-0.5906979587907957,-0.6740265421226288
-0.6226994652139733,-0.5366908963884992
0.25781298724972745,0.6925484890716782
1.8354834678466108,0.950586606527925
2.4684751424793885,0.7411631632482395
1.432833317746332,1.208373179773443
-0.011996701188812433,0.7286440341297404
-1.0328308311205041,-0.7879318528401893
0.7972498580518185,-4.836220347369576
-0.1983545706210586,-0.3760205040795496
1.040919198387186,0.9239646380550114
2.4744502673627777,0.4686300577795207
4.437249340604708,-2.0577024145762657
1.3749881004411293,0.8209982024991535
-0.1882766183524657,0.6807710094960194
-1.4184309703621822,-0.9714755901892886
-0.4360523054253601,-1.484509680385539
0.6940152871851396,0.3822730223146465
1.9531325221447753,0.30648524888483625
2.0985159782516014,0.21080910843239994
0.6825161955590808,1.1542073181719075
-0.793796745406868,0.7118961811937305
-1.5280461822061873,-0.8401001793685378
-0.5539507205347287,-2.2905623394482055
0.9286052205202389,0.19375803146005915
1.7716239043622204,0.6642660593075563
1.1240569925386061,0.7357610385425635
-0.43018651530856805,0.9125385219887648
-1.6717962766375871,-0.3469440403713801
-1.7554147950184804,-1.487503401944569
-0.5150817431302137,-2.4087089581522667
0.3020700479769396,-0.17313106601427553
0.7366845903137065,0.6202670605923492
-0.015406665430103435,0.7189913416274348
-0.8007812513135091,0.5831828780391518
-1.250017669695401,-0.0055756982826117895
-0.9327484622427074,-0.6386208284830844
-0.31506748155239594,-1.5513187521184009
-0.1812696408740915,-1.913548004089691
0.3262338321088115,-0.48438351812333785
0.4494485740578041,0.19700010859118475
-0.24742867421276896,0.1827134413708848
-0.6634345372247831,0.2059295779980711
-0.46909283686253306,0.19410431298569042
0.04965188029924385,0.0011872052735253332
0.10287737726772765,-0.1907097092966727
1.1489606507646049,0.6457015637695177
4.192109027379015,-1.6288780093518436
4.086134727901926,-1.8333762273951153
-0.28749462446442575,-0.4064188352164531
-0.0995578026889107,0.5070674187937592
2.272838130718724,0.9104349155616931
5.585493999730969,-1.7279441782641562
4.181293901244304,-1.444855369784441
0.7442346417596228,0.6545719279634388
-0.459087231342594,-0.734587405933206
0.023714542749687765,0.5082302477442555
2.07566671679668,1.1067752979988408
5.085957693491879,-1.401605558815219
4.300627328869429,-1.0359361825467028
0.7868771781054394,0.8056538483252591
-0.4960949512159822,-0.5563752730587471
-0.6701548349828084,-0.9497876982383464
-0.02294869696205828,0.4314751515233642
1.672438516249639,0.9918004904426485
2.464433570521515,0.6198478689009665
1.6472020387584927,0.9802780320349835
0.2302107698411606,0.6977850269263143
-0.9559861234665361,-0.6579416699660134
1.1639630454134937,-4.914287243114157
-0.3928430892446159,-0.973160134515676
0.7298430951952194,0.671912503381315
2.3515454799170055,0.6884697883573444
4.756726582633338,-2.063268346598523
1.7585463675297484,0.8047379933872436
0.2909735525001794,0.9107627944332521
-1.3441796811732312,-0.8998624771311268
-0.5967019709666344,-2.1459438686578878
0.4263449676907189,0.08711983085183544
1.7925288586677832,0.4837433761177624
2.329315372289665,0.10523627420897363
0.7988243145737107,1.031934644854654
-0.49769809774147766,0.7812753541494527
-1.5502167605154618,-0.8671005947605627
0.6298404352278284,-5.05562629876207
0.7457407719190815,-0.04664026071013381
1.7444758690948847,0.7749944856969371
1.5303547709621728,0.679011651215512
-0.20720873288078062,0.877404962146092
-1.4347564965723023,-0.27051480025014635
-1.8704277494623802,-1.7300252394665137
-0.7858342547994904,-3.006935294956093
0.12380831029035023,-0.5808744447358658
0.6552995301853127,0.39266158763912223
0.2629551861387183,0.4396967705807487
-0.6744263279651213,0.43355587854971894
-1.031882062701761,-0.026728899465556153
-0.9254235092949702,-0.698516542544233
-0.22870572388267038,-1.3623258041462147
-0.3344405199439763,-2.213180564330214
0.29835314547828024,-0.683278786956038
0.4776074933898135,0.05130372016597259
0.023067092399966436,0.09399288782360612
-0.6292726156205102,-0.057122159429466864
-0.37492384227740966,0.007901181026344664
0.05486383554457068,-0.15712892431423486
-0.08392749736454475,-0.5153708064089825
0.7093524993952071,0.49778949677926426
3.9294009941866492,-1.740672756402874
4.191542604460521,-2.0739430648593067
-0.09940554870790037,-0.517887366861316
-0.3547271704780938,0.1655928638469874
1.6563403270748065,0.684143833280805
5.407158999571966,-1.936332394566771
4.440821970496006,-1.749550912149806
0.9896732495512726,0.5730709426509571
-0.4167273069807649,-0.3097125990837483
0.46850387980500213,0.8053635630663047
2.5345232174370884,1.0513626270326666
5.214585116836198,-1.3436373681455516
2.482627771180123,1.07171090331866
0.5159238535917214,0.6862548547635535
-0.5382226914579538,-0.8511128528047057
-0.6337598371045415,-0.4757728858327815
0.34211270033126145,0.764779010186184
1.935423750123373,0.9478738141826212
2.529423685311366,0.7294779566486269
1.455174706161395,1.127383027117189
0.054086413571510686,0.6353187112465051
-1.0258636455762926,-0.9719340411554076
-0.67650471782764,-2.755740561197352
-0.19180812387332732,-0.2596506258197778
1.114576293434631,1.0064449058658236
2.6706694325647016,0.5456363609304364
4.537649726842557,-1.867375215915717
1.4817753524634663,0.9035384073560192
-0.08399360146947665,0.6437525775622511
-1.3775207276772479,-1.1543560648226658
-0.4119087489069341,-1.3175049425390817
0.7890998077687543,0.6028978544552339
2.150309564107631,0.5110134948632005
2.227554734498014,0.45215802315797504
0.7005552585804055,1.1672772476763782
-0.7578793490749963,0.5808417531224914
-1.480517804972135,-1.0070023552357692
-0.42468385769617334,-2.0260237103015495
0.9392199133935253,0.46466496932584145
1.9772109476625668,0.9359430928423397
1.354501356143765,1.0177959876053126
-0.4347190185068757,0.7909939570697223
-1.67254615307496,-0.5681275789758955
-1.72135998068333,-1.6688827470328633
-0.520182422773551,-2.178096103011006
0.3509536090060688,-0.012171161389012202
0.7821686221800807,0.6991070368803958
0.09897087556791366,0.7623371794082995
-0.7163410497073351,0.46839316891311156
-1.208610569412908,-0.18895620998560841
-0.8537081079201377,-0.7842398811669422
-0.2752435629225547,-1.603780743493811
-0.16232120520729887,-1.742487027146294
0.3765699328287671,-0.29745578282770846
0.531079000972075,0.2876292918031886
-0.15983307732457253,0.25657500138763845
-0.6126272723193493,0.08535925046512409
-0.40817274516839175,0.052075831422780765
0.054243656983823815,-0.159153517411812
0.11648153931830786,-0.2286351222768095
1.101392867533722,0.5214807105758837
4.1531473711226,-1.7390979122877468
4.00600219843175,-1.9806140787529685
-0.22748999179010407,-0.45007228807244554
-0.04057893112148116,0.4429868876085855
2.246918246163998,0.6685207334821306
5.508227264500877,-1.9823521995306148
4.022286857889528,-1.6944557618822131
0.7250539099407551,0.4340350632638005
-0.44950474120403083,-0.2593426213271563
0.3636552114204538,0.9217098419912981
2.4082383016223456,1.1242781021618065
5.305606408907192,-1.3018151143480785
2.4506269807907644,1.065654250472335
0.5026207837752505,0.8248631463924849
-0.5867014196788057,-0.6738506121502176
-0.6399388664446128,-0.4451663956882444
0.28222037821539303,0.8719849068470682
1.9243151491761321,1.1380106816235644
2.5283891601687745,0.8665421872219046
1.4781431643907865,1.2956666052792865
0.05779904931811909,0.8390346245871677
-1.0305662521984755,-0.7557468883687564
-0.6060744546844242,-2.7776606048110697
-0.19954368266845696,-0.31675358087276806
1.2106267012271401,1.1181503093376501
2.6186873335619683,0.7431012889377543
4.6766043195813305,-1.6921546423472251
1.5402932627858406,1.1432348177118719
-0.047813534151561525,0.8926642547428749
-1.4186574842332178,-0.9638061205486326
-0.45352039064991373,-1.4812418192956807
0.7922926499703665,0.553964280640785
2.2100449256070576,0.613616444402089
2.253580582557138,0.4832514923297501
0.7236440633271676,1.3553950262695331
-0.7585313303903826,0.7816645054794162
-1.4914779709256145,-0.8285425233908054
-0.4505840901762624,-2.2718420260661687
1.116187804130473,0.46264802098501806
2.0132620703361366,1.0265334104051762
1.3523152576992339,1.0602056870486058
-0.3628250373346263,1.0257820189573503
-1.6272865460185695,-0.3205980048957489
-1.744661295481826,-1.5406284595398867
-0.5089463932208169,-2.4272161419449763
0.3262652999096232,-0.19107916240165407
0.7708954375279639,0.6035056688025521
0.11661562733865076,0.7265382894525487
-0.7294240027851199,0.6095405737340156
-1.1994816601406084,-0.008270721199073827
-0.8730314569678039,-0.6288875800938201
-0.24842692707237105,-1.5576166409212235
-0.18485687427442463,-1.9397943046667179
0.3350912556804867,-0.5065604599816059
0.5023787755747992,0.11852150349139647
-0.16672377064569396,0.12966569405710074
-0.6213359496098695,0.09024916249901563
-0.4305612042999917,0.09447404609073305
0.1047525824860943,-0.08625178412157769
0.04704793666222716,-0.24006856575037372
1.0461754652451714,0.6118773513480426
4.251500510795019,-1.5903412073387464
4.149549190059903,-1.8495592008699289
-0.2648533596574845,-0.3877322316754243
-0.1327851852921871,0.5255397862466675
2.137264797249876,0.7614443125180403
5.51038545417388,-1.9256353212527637
4.18112960834893,-1.6367872248666346
0.7554075059056856,0.545899639453757
-0.43243690588440803,-0.8918895357212533
0.12986869893741002,0.4280637594779111
2.26927943989604,0.905187883081695
5.35497880079572,-1.5521477560489416
4.280098244285565,-1.0969828397225163
0.7162785445686388,0.7847867582752126
-0.5651282556202616,-0.7014656692156316
-0.659635020394185,-1.1107448068990422
0.0009087637098237935,0.30886361396080936
1.7540778074683112,0.7561479371411572
2.6486267626454976,0.5816697758637236
1.7829871937372852,0.9447588578067435
0.21385282702991784,0.7772371628919836
-0.9752062964901204,-0.776415715184883
1.0277390467004763,-5.26682684759845
-0.2725153865436676,-0.9645749503180288
0.8394309403720583,0.6147869758008603
2.4816863929357598,0.44468439961204953
4.791549354572496,-2.1080996139532577
1.8010980347410275,0.7125868274293748
0.19076868387675125,0.792030344048249
-1.336693465192684,-0.9808561001396583
-0.46343755965156197,-2.116100427489339
0.6538796511974465,0.05600498621723533
2.0056419398221927,0.3489189838525584
2.5064639250607845,0.042959750545259225
0.9338364390687828,1.007407001575098
-0.43799930256340475,0.7430632875255387
-1.5394765830245416,-0.9500930002574892
0.7246949045680768,-5.001985562743445
0.8527966003140773,-0.12219186112581765
1.7990934684233615,0.4754007164252193
1.4801098445646492,0.32085674740661263
-0.2556023069340273,0.7141556648075217
-1.4559374211375515,-0.2891320745868648
-1.8396837635265717,-1.7007834016100793
0.712359357484728,-5.107173067166766
0.28967154999504025,-0.5581513033260311
0.8326643829958756,0.4363922323109427
0.39268931142315855,0.5097741021264535
-0.6611102868083709,0.4590567710720438
-1.1224184949912508,-0.11139060368638903
-1.001804483900723,-0.7939573207975114
-0.23887832638762613,-1.5522718162850613
-0.3713494336783329,-2.531488339955468
0.37406049144211617,-0.804941824798386
0.6206021617841186,0.03757469529684954
0.14787281515551923,0.10403012260710054
-0.5965000115638615,-0.034827645846929635
-0.48202747315953354,-0.17932319942379177
-0.01801268981382385,-0.3052097830478146
0.08334727435474619,-0.8848811377895858
0.9214745982265289,0.38168938663580787
4.056999555273544,-1.5829392288481903
4.242588002211785,-1.9170472503845486
-0.09778504803390413,-0.9453122961047897
-0.3395986642161995,-0.0890252817136698
1.7126104858365685,0.5014267161636262
5.432700533456177,-2.166265290844454
4.430107149938093,-1.9889613357784168
0.9735175376630745,0.38588588970010246
-0.4485641291731346,-1.0137052012819106
0.1484273861267861,0.304213759840017
2.186982243726455,0.7670291801916743
5.348307347040059,-1.8463472429826275
2.828503903833236,0.5729232296541155
0.73343206307586,0.5301396799927585
-0.5328850693773015,-0.7548697454496685
-0.7067351463175903,-1.2978092266584629
-0.018583204641699696,0.17144288161615676
1.7387841262857746,0.7457262040439356
2.6641630515594343,0.4293132712938832
1.7844697964818286,0.7912532624520418
0.20411032938095017,0.5588063914301434
-0.9571848462096673,-0.8299956218642188
0.9995352135107377,-5.321868203486025
-0.35616642022620865,-1.1382101462724425
0.7385737851379242,0.5141797166448553
2.4841059090615585,0.5184997737789975
4.733509802228693,-2.179846757206907
1.7543637549937512,0.5631921974739712
0.19720368267297153,0.5802039730799546
-1.3216552273194822,-1.1173523305905557
-0.510414534681023,-2.244089165736546
0.5462457680461656,0.0010781870260722312
1.871554121002324,0.29699872217321077
2.464508289615463,-0.05464797257336244
0.9496652106213335,0.8045686027176709
-0.40974131947395775,0.5653049471393201
-1.4983723147629682,-1.0927839312287755
0.7354549474886322,-5.12573522951214
0.750531844473519,-0.19775345033359742
1.836379010175384,0.545153690551248
1.6083152377424328,0.42544395733921986
-0.1879153342211094,0.6922774760766043
-1.4283401710015022,-0.391915625496247
-1.821347844431478,-1.8675691053031171
0.6491701746205011,-5.215335940413364
0.33031696774920777,-0.6073042328109463
0.795181494111533,0.3140055032251799
0.3850965358137626,0.3475308927522061
-0.7072929913849945,0.1873867013465063
-1.1532117449594388,-0.30193720952927267
-1.0172423945298377,-0.9975609942758745
-0.3012717201642536,-1.71767434090753
-0.3866524664388002,-2.5905813260453288
0.3003072517189908,-0.9275426115220706
0.5393586238012481,-0.15397741388037978
0.08155455088725537,-0.11325740919340113
-0.661305826036568,-0.20187784866822878
-0.5238127329229301,-0.2830193096253637
-0.06183716458264096,-0.4560103386868884
0.10449300740991298,-0.9487297184496322
0.8191588386112696,0.24319694687186938
2.432076573851342,0.08527341641664442
4.022425543067998,-2.118780226550628
-0.08856904274048487,-1.0072555933255263
-0.3039870890684446,-0.22927277525434553
1.7165603966935024,0.40736750207000216
5.431376651576842,-2.282804677036949
4.370968693622702,-2.059029429939775
0.9836944421695117,0.28111472287080247
-0.47234372639978295,-1.0232381554599752
0.10849645933985307,0.266718062971436
2.186394068443242,0.7025906874071065
5.321131081092594,-1.8295465644292062
2.741934703670802,0.5547975759201933
0.7301341448135032,0.5455173188559275
-0.5421679073158836,-0.8108166915798156
-0.6779212614209927,-1.2542490585216595
-0.03386600205913984,0.16382116069988995
1.7222467887315385,0.6596501265178356
2.604692073450714,0.35568857855423525
1.7404446255320032,0.7368591401072498
0.19269003153204908,0.4981553651263134
-0.9911793130308963,-0.9224733222089299
1.0086333369890024,-5.298656990445858
-0.3426287441167576,-1.0563033317838577
0.7227253915764561,0.5212083496289684
2.410866119253783,0.38096691097044
4.75675271692964,-2.3535736300457164
1.7419908407961568,0.41968571811431654
0.15238506109674002,0.4825527257859066
-1.3568916716194717,-1.145981839041344
-0.48943718966102856,-2.1635176214975624
0.5972294967797644,0.03775518973689731
2.007555206931092,0.3265052833713743
2.497592996799148,-0.1428203439946465
0.9742897193901092,0.7798458122360583
-0.42396673623823894,0.5239307089482147
-1.4958997294975707,-1.0888298515907187
0.7081714092098814,-5.05676507944638
0.782782648916831,-0.12652716675338205
1.852972970462814,0.5716478598418634
1.594520449708987,0.43244526705585434
-0.14337300028652603,0.7076053929914268
-1.4162082490871746,-0.4159893071500325
-1.7985423901017592,-1.8058532574558777
0.6938076679869514,-5.154982383065488
0.2796088867600824,-0.6220688041440863
0.7616668658823623,0.2381644552436686
0.41397017181465473,0.3230976710743821
-0.6808519818141785,0.17621165130953445
-1.1293770510876697,-0.289363041354684
-1.0048661252434428,-0.9550384718671441
-0.28570519998477595,-1.631699739197512
-0.3951547760675722,-2.5477106083264633
0.36485355919625045,-0.8941654531903558
0.5578745814583329,-0.1713399043605761
0.08965577883386729,-0.13864799589643523
-0.6492134321440993,-0.24415402902336442
-0.5068150720478742,-0.22048864912712557
-0.029534466914004517,-0.3629727242946261
0.08736451189075668,-1.0027911175874322
0.8426020085484959,0.13112151678072512
2.465095340613787,-0.023359844163098307
4.00847589865246,-2.2415343535216303
-0.10449500255308448,-1.0253434433114654
-0.3037144281269755,-0.25394393283057715
1.6515806918641678,0.33711500678176026
5.353872346255537,-2.3865394914094473
4.2810009572117425,-2.191093942469123
0.9555170528775434,0.2185324165899803
-0.5071710638293107,-0.4878907653307107
0.09465343854097784,0.7697141994652492
2.199437926373537,1.1348062280253601
5.223643817734589,-1.419318655764235
2.798693441327112,0.9602522531836776
0.7216610597875649,0.9331830412729389
-0.5826580999293267,-0.4792998150936672
-0.715454232729192,-0.6726158109937403
-0.01763034792039168,0.6984410921397113
1.6965957391077469,1.00461983346457
2.587764311105279,0.7332648205809238
1.7024397451004565,1.0803998241450883
0.19051568484291123,0.9219813592390808
-0.9963435098947141,-0.5488778067029343
1.0398546371517197,-4.773657824642986
-0.3572162989265287,-0.502815605342217
0.6924810010089781,1.0019184475407619
2.47674916204985,0.7611936349700454
4.801408256577927,-1.9454447214171626
1.7909767410599824,0.8847344939960479
0.1506241546349498,0.9679947049833332
-1.3810313624043242,-0.7874886638680605
-0.5286666537322045,-1.5758843801077718
0.4513256610917021,0.5113387405081962
1.874846502602192,0.6525951465485276
2.5732664618452494,0.35957751351875444
0.9179831458871752,1.2723121532424282
-0.4610292692668458,0.9679399902740875
-1.5676552127184593,-0.7270161893641475
-0.7682468052041175,-2.610447750320168
0.8004743507294221,0.35891396221850125
1.796987247881686,0.9921321482263126
1.572394626750014,0.8543241908216856
-0.25819893233315755,1.13227097409341
-1.5012043835723372,-0.0878453170111779
-1.901052157217763,-1.5344090605038971
-0.8055535074342584,-2.740990817760553
0.24139955933837257,-0.19682623037853936
0.8031687049628949,0.6850931770348845
0.34972702820250956,0.7683748168591292
-0.7451650858018569,0.6117992891545564
-1.166438431101975,0.06330992872197541
-1.0324366865652117,-0.6093074068668759
-0.29393007591774184,-1.3633227868317999
-0.41028763266095725,-2.08599056051839
0.34544927916335894,-0.47865663400849795
0.6006054881127014,0.274422913545952
0.08222678271654711,0.3499704312972521
-0.6628300077736726,0.16141785844904546
-0.5218067279703745,0.0828600168569634
-0.027239262881049813,-0.07479235184885444
0.017437596470239198,-0.4620318066564278
0.8257857725274187,0.6555323995861171
3.937247661595539,-1.5460178631532178
4.11155887590462,-1.8806049628270018
-0.18646351029778874,-0.48057522509434975
-0.37846458738072875,0.3109047157975526
1.6575902492318877,0.7256311537208535
5.479559739007849,-2.0537851127825144
4.38054518152593,-1.8387777733496773
0.9431005608464029,0.573389091526582
