PC1,PC2
-1.674836483738894,-0.5027933135697924
-1.794788014311281,-0.3422991465447091
0.1183018789133936,-1.3195855721473786
-2.222741637249304,0.6246005082603239
1.000248346432778,-0.5125077494490512
-2.3009944340505504,0.3415948940878753
-0.5210517903828946,-1.1471059140017972
1.594612816887032,-1.0882081392347238
-1.0668311956558194,-0.5456453366963336
-1.4173686276582154,-0.05701924632546146
-1.338403122464876,-0.0030892704761452607
0.2514160102837294,-1.6002075443800676
-1.2128900354867387,0.5674455941771258
-0.7349888088079337,1.1800859138029092
-1.6918993396990347,-0.4209319867012121
0.4475026394015839,-1.9612717297706066
-0.45895731371707826,-0.9997119510261042
0.35532770307573075,-0.7725295422794223
1.3185711078853695,-0.393760927016515
-2.6920830533848146,0.5817927693737979
-1.8477961117923802,-0.8749477674966133
1.0002533542439442,-0.5125013455208203
-2.361319510163936,0.7151545565665729
-1.3239529404042505,0.3236573803365487
-2.4899079313907624,0.5456962588409107
1.3945016258477045,-0.05064282690990766
1.0052537859305382,-0.7410006249166351
-0.7796756562546343,1.1468297481979282
-2.659750715782268,0.02446291170228601
0.3691166703071823,-1.8648872245861878
0.8165567500267915,-0.6047292342642646
0.03670011893901116,-0.7937448281061324
-1.649635566793138,-0.4950766974635861
-0.9796066956379048,1.6661125915203132
1.3940392456080197,-0.5367078964602433
-1.0533579863836162,-0.3645699838241891
-0.9955584580035539,-0.4285394759163996
-0.1634916314651925,-1.3387679643421433
-1.085640141670048,-1.1658718887475323
-2.191320808203038,0.573492296953851
-1.7943397381514705,-0.5353444150121338
-0.5734452342867185,4.184394812786114
-1.0978720906603554,0.5762408030515703
-0.2943750216508675,-0.4525171619698605
-1.0321422706605459,-0.7992058599840205
-0.6156149111482837,4.524516219562963
-0.9984272066129724,0.18718904642660408
-1.4308807194930546,-0.5971584259653964
-0.0494011365251997,-0.6935479051491144
0.4237473671274589,-1.2921699925139396
-1.1011353755256552,-1.4847278861287556
-1.1209924479652444,-0.24419194532718436
-1.142951820131776,-0.20972671036156512
-1.4882518332975154,-0.8443412457954259
-0.2698205081073908,-1.667509482913486
-0.9672174874226359,-0.7288038668873578
-1.4225819005276656,-1.324899308687118
0.8132241677626153,-1.6021945293390898
-0.26706657466903516,4.408250500786256
0.2785528238683127,-0.9411002020261093
-0.3357869061404053,-0.2059997569694812
-2.583416098732275,0.829181370151474
0.13915116721874363,-0.7897906574361746
-0.9204421769969825,-1.7378954002985456
-0.19348578006732933,-0.8965210987321177
0.30474577584106005,-1.5876292344131528
-1.8812680537623823,0.5052809146980481
-1.1283931700824028,0.5739372776235997
-1.2045376523785611,0.7041831521603298
0.18137138132606953,-1.4515858598927196
-0.16535184676474793,-1.7761671794866958
-2.4464647045398884,0.5321801301610599
0.49981904467133115,-1.7553440062547716
-2.639988742407335,0.821208793421417
-0.447417699835096,-0.8668335492072219
-1.7364548515099383,-0.0931025554983452
-0.3644395047532066,-0.022918464820281228
-0.6627003552203219,0.07701697863775991
0.09659550003220448,-0.8397173423585029
-1.749708173225571,-0.15338815167638017
-0.5014664188757662,-1.4127652078220534
-1.9450362848162686,-0.45114464455778186
-1.2601764987677078,0.5347248062916917
-0.9916957554477667,-1.0049440399692724
-0.5167366170755755,-1.2847239647164725
1.1796844637723982,-0.6916295670644
-0.6103351280570141,-0.2929190470660973
0.17944296660454084,-1.5578979094778767
-0.09366555016225069,-1.4556228972909382
-1.3625188273358324,-0.013485836035500734
-0.6534033701096492,-1.139834666210831
-1.8112432064249893,-0.30695332091322425
1.5127686941169782,-1.3832327344848252
-0.16136060544320535,-1.189317004492104
1.4941134236973532,0.1533623540854861
-0.2307226623217764,-1.2435431917368316
1.6013215435515178,-1.2709847821299454
-2.5493931150523528,1.107487449162882
-0.9101327909541006,2.2694682883044712
0.5525464640559126,-0.9692829874140516
0.2624934471728057,-1.9316921019548743
-0.32700495816875547,-1.7368550419012951
0.631568292753673,-1.2426664119532784
-0.2519825788757888,-1.5135915124115975
-0.004279003811669832,-1.7677348123916958
-2.2412018670644933,1.242903464848742
-0.891789795545345,0.7833838400327247
-2.2557012948591777,0.8205749202614654
-2.242079701595094,0.9374893357386219
0.513020480643424,-1.3791503807420855
-0.6717168562191603,-0.4852217405963467
-1.9939819303952546,0.322845866113441
-1.2333833822068287,-1.1069345744837955
-1.1718837552062145,0.06284114106416647
-0.6654903932677841,-0.7324749638376883
-1.3903643761653701,-0.8138188164387876
-0.8384698806774913,-0.6961569442684872
0.1408313051692222,-1.5974687258219762
0.9403474652947095,-0.808876453333757
-2.304322600422346,0.8397121222068309
-2.525002934058744,0.9554504561909588
-0.9142382238319414,1.8178602805151112
1.1574788505702738,-0.5816751208052836
-1.15568025655795,1.8137079585661087
-1.1526248101185015,-0.7480238377621218
-1.03693374083908,2.386945303231915
0.17296839772497358,-1.234819070841729
-0.4492058268549796,-1.8353963865915661
-0.0996614960155748,-1.4870655974512303
0.5663047648144065,-1.194385807901583
-1.982460005948961,-0.39082182727248604
-0.6776934079140674,-0.7455627166598827
-0.28667853699046353,-0.22130338680470008
-1.1384464390101012,1.8460757154137653
-2.4696999201348047,0.7469669590231769
-2.628659339215431,0.42610993287052523
-1.8395672202438547,-0.5580543814504364
-2.6291562131931294,0.6149295073711628
0.47261798621343526,-1.2800178785196161
0.36972821242150183,-0.5393971282775023
-0.9235208221300226,-1.2079815534734402
0.4591750911618509,-1.6212814664954673
-2.374691127389904,0.7975284953004551
0.6523438285377134,-0.4675910585326801
-0.17021102751368283,-1.6760154404317913
0.7191897539484261,-1.305806511493551
-0.32601011084131054,-1.2700977494282601
-1.2458404054211332,0.2294579352717815
-1.8071882570217508,-0.2983200514372628
-0.8381253534463102,1.3864300126969547
-0.4417254308485884,-1.7206561068911779
-2.5557332395323353,1.1980510268804265
-1.2059369871209833,0.30491237857457165
0.5839318285043026,-0.9842186248741381
1.0637580492207508,-1.2721446440379154
0.34469025094782135,-1.3704677990579828
0.6703164120428253,-0.935342693730031
-0.18787164842692575,-0.6717983082647578
-1.0624906996615076,-1.4069958900725106
-1.8029540078318658,-0.23684223274768082
-1.0689218378468757,1.0764591228907625
-1.9584226153286894,0.6964783464985111
-0.5393731841084711,-1.766534235469011
0.24260509303401248,-1.4474919224367229
-1.2375819566265036,0.32363015635277487
-1.2921170098712167,0.5708997513388206
-1.112885581565151,2.0468049997055813
-1.0296615163527725,0.6014368101740549
0.11277915848775348,-0.4387830166938376
0.21999020672618683,-1.653649941925411
1.5067024020281081,-0.6348402997343947
-1.1168713949284166,2.0081080934308706
-0.025026428357813876,-0.8613689189901834
0.45632050109645356,-1.2731036275794338
-1.9589364844180401,1.864007780339881
-1.2141576471467195,-0.7325103345543007
1.45876510361441,-0.8124001056304687
-1.9020379781711443,0.537822542797081
-0.41891505316913263,-0.592021384123415
1.3571721376316117,-0.6749343376663375
-0.866495601563799,1.4072682598323019
-1.2540616175759491,-0.3336645310064459
-0.9401833349726139,1.9029126097588194
-1.0047001257687727,1.5990611464336242
0.6102251780025962,-1.2487035893088239
-0.7873860206508796,-0.5274973848347769
0.2771314190816913,-1.5475777109155013
1.0896283924818595,-1.0905548505495557
-2.4654018086611207,0.9099091375813473
0.535526689757234,-1.0080762787524096
-0.6628565714783008,-1.4224051253282792
-0.07337009948528418,4.866857767540124
-1.519117503454184,-0.5277791929434273
-0.9385558213338526,0.12542050615434347
0.23489933037893515,-1.6744682820004524
-1.672390260881227,-1.0437157311492915
-0.7437980132206322,1.4244781870107672
0.4400292904999487,-1.4628983779488078
-0.615616163101075,4.524514618580905
-2.434397869259535,0.7775420082465377
-0.7784781764953234,0.0005924987286514212
-0.637149793068239,-1.6921372725355592
-1.5736341194801469,-0.9030142407688113
-1.8020915125345711,0.007813739381007143
-1.1948068868902662,0.12122110298243173
0.5588643645992072,-0.7351141603476006
-2.450775399227342,0.7265299265911779
-2.4712276477914763,1.1088652451934575
-1.6996660563783663,-0.07382286254977198
0.4956704886899517,-0.7680785322889819
-0.3417954648847827,-1.4137113191036368
-1.028799838619591,-1.815741605766849
-0.402636632050344,-0.5369226970822656
0.549481984314505,-0.6228345760536175
-0.8545541009847601,1.051912020718966
-1.779233653200592,2.1584186290659244
-0.8227805016472021,1.5529605165511986
-0.953964848881134,-0.6659457995039038
0.6460468630613543,-0.55325470242011
-2.6122776769447906,0.6921930175621896
0.1068324604616973,-0.18661129649840097
0.2692896798603579,-0.905313121064671
-1.3306113184063808,2.214622020234904
0.21212251297144213,-1.0641701845208584
-0.5757756964840759,-1.9627092001544786
1.1772964137700024,-0.6712949161069058
-0.9252905582218981,2.1776264122552336
0.4210627689693067,-0.8537735827837258
1.1402313390808143,-0.8460065119389664
-0.43523855433093817,-0.9946997323746896
-0.0935580430111935,-0.7513833150744268
-0.8837810568254175,1.8526864355810504
0.26704571514830305,-1.6420179363718315
-0.19148490861634024,-1.6900924935690511
-1.912732380798215,0.587680030697232
-1.1458314275863193,-0.7784947281045712
1.2221211969357872,-0.5865630846567129
-0.3286707880997765,-0.5114401895874361
-1.0954407024265593,-0.6494967534266669
-1.7583397210662055,0.06191698665267774
0.16043195563200444,-1.5725404495131925
0.5995453429583605,-1.2302248859940725
0.6051747329207592,-0.8681462720623164
0.008670681971674431,-0.4061351595656545
-1.3323987681281695,0.4308470532057406
0.3733106839121671,-1.5007794901430354
-1.6738111151272714,1.3448931968500382
-1.221370124559721,0.4553541336534862
-0.991607323308666,-1.5770836745583252
-2.5682734245578276,1.0782345631987924
0.6054817295073779,-1.9447163063901842
0.2959666271466133,-1.2517743832686024
-0.6377397780526908,-0.8779618072701056
-0.24678846820559083,-1.4252741132555784
-0.20807890378000674,-1.0401605775128742
-1.443516684018523,-0.44509106183832237
-0.4496361586039844,-1.1588121102857096
-1.2908017595824317,0.381484885412315
-1.8418704102984726,-0.5460492882493228
-1.0955882576650837,-0.29165823023651255
-0.393918579531557,-0.5977661037023255
-1.0265139299897585,0.4746289176535465
-2.4047142589493182,0.8627968897482788
-0.6509664151996187,-1.7289261625960377
-2.488610345849432,1.0281675707822449
-2.459445266823631,0.2575575121746693
-0.08084375533391262,-1.6283891601229346
-0.9488632767182071,-0.772935550421443
-0.47835287151251094,-1.7341355672694105
-1.2876504173474408,-0.6247406945534504
-0.3121252512725746,-1.3478632988959645
1.352158839798708,-0.451176095749613
-1.3876187049152768,0.3849424572890912
-1.2672383659165112,0.5608515274766239
1.2585458741273037,-0.9819359851346632
0.20030249554712204,-1.5005370723759248
0.5764785761754245,-1.1085054017268046
1.3160532776305693,-0.9533986036928608
1.5238408665023155,-0.9171460810969846
1.2892025540101135,-0.4758252701843624
-1.6821226228148602,1.1906219407292002
0.39920094864232875,-0.7472408070462616
-1.0781863081378724,-0.26595400015403275
-0.5554144882129367,-0.6362096779230083
-0.15653419793263676,4.903179883778314
-1.4121068985394845,-0.792224094391043
0.46366279729765647,-0.7806650951293356
0.2004172799175659,-0.9600724795839842
-1.1035550092788626,0.17251542562246727
-1.2359595098732519,0.879530632472601
-1.1272121287848136,0.3846540184528765
0.5478721148480465,-0.547959107156056
-1.6913589026091411,0.016112288400524703
-0.9422991492091549,-0.904885321870433
-1.318064477969435,0.10048317991021725
-0.8092196143980829,1.3869037314538695
-1.9996513477704474,0.6976640518708229
-1.3900848171015447,0.387008374244895
-1.8183963370825156,1.5242520485620252
1.313636956946091,-0.41292468441496727
-2.5443751518763844,0.7478164739022666
-1.7163629433172074,-0.43994012558933154
0.21120764638235331,-1.4417306091304147
0.3873967220981147,-1.5229667051510123
0.1139685436795008,-0.7699399753675062
-1.0800610612281754,-0.19784718861084863
-1.2822670823194697,0.015502314124234534
-1.4795562587840891,-1.1799699610726408
-0.8701952891311986,-0.19568271430902984
1.2819180587270504,-0.5865396686701054
-0.3399420281370483,-0.8893783057412117
-2.2244707670492914,0.5001473606989224
1.267366182370294,-0.5642754053909004
-2.3630638923253784,0.7402215182581096
-0.05168445137310856,-1.6438842143792098
-0.49578389835772124,-1.4479377458035037
1.7355605457698817,-0.4048044767064426
-2.6054300732832476,1.0578202472264724
-1.1841760107666817,-0.5947901121501329
-0.014200182030411927,-0.7294567955968954
0.02785275004707104,-0.5499362166047361
0.3694611602499924,-1.1440764264882508
-0.16209828957702183,-1.5914433753533976
-1.2594286613912256,-0.4720928110200996
-0.2220609174065953,-1.4019018111469905
0.7842520188498694,-1.832249137054948
-0.6827833558509264,-1.0889793790147997
0.48445453094162483,-0.9150308555144743
-0.30712025766033274,-0.39784758898383593
-0.7828645637351965,-0.6228014117823226
-1.7316376324174991,-0.6755515376384614
-0.1340672727268515,4.394924520318197
-0.2199659230094976,-1.5546893555337113
-1.6231810217438751,1.1817526634217927
-1.244675074668689,-0.8107506768744468
-0.1690251503216773,-1.4766263777068724
-0.1807857982944764,-1.1586541604462772
-0.47227857701919335,-1.023066514721848
0.11668316036227504,0.8273860921737095
-1.0324364786103202,1.9884275120666464
-0.3017754007393679,-0.3732612897140028
-2.2588503057640215,0.7236901770240313
-0.8189361365610698,1.1556373661971608
-1.7256864285363365,-0.15913988896614745
-1.6720094999630746,-0.322601942319984
-2.223152052043405,1.027470639721972
-1.0535831287001616,2.1503557800660826
0.7394510425629077,-1.2616259273593844
-0.5260975726978797,-1.0009964537559441
-0.2677671612908161,-0.8081537534757193
-0.03348805725447521,-1.3587307578563699
-1.5487114974919158,-1.1277401187681935
-0.27187113428568166,-1.4023559291893388
-1.2468649746353158,-0.7512799481527211
-1.4043441788088682,0.17650837342948544
-0.6678749017564906,-0.8761788921309427
-0.09684407510612092,-1.10317964554704
-1.937443087397027,0.6269615906453204
0.32846411502337414,-1.3981861835189684
-1.7229011789790525,1.2569317250842293
-1.4458532651781384,-0.12348892611933915
1.1587130953564257,-0.20068022000854854
-1.691146843345846,1.3477871525740877
-1.7242257900315952,-0.2135686497457844
-0.9753360290306288,2.037216884398223
-2.0360197106045947,0.6085334050410383
-0.610939518848093,-1.210229190566413
0.715486126004418,-0.7431637716361981
-2.5499618274276084,0.37523722482112404
0.3498499578061403,-0.7701542783299168
-2.4301671480436005,0.9184876686955956
-1.6525444760724481,1.2834973906719633
-1.1371951865558434,0.03158316380148202
-0.7884131873770807,1.525010077929501
0.2617457251771746,-1.8193410299569668
-0.7454093187528162,1.4317117667794201
-2.5126884422349502,1.0711422345272785
-1.3045468726361507,1.0621791767111814
-1.0343242626157918,0.1956936959800945
-0.3696596115652932,-0.36294084405288624
-2.3121842265269765,0.6423985329654055
-0.1336104083748588,4.90591818991913
-0.8897677489615584,0.08942190252763993
-0.47128551518587514,-0.9968465921914488
-0.39149109107015023,0.1928268627602833
-0.11411189192317632,-1.6289929972440211
-0.9342916866273229,-0.3491492745651959
0.7511839307133428,-0.5738338985146386
1.3620725751619536,-0.9691103053006359
-0.7120846686432224,-0.7347021578921987
0.27407843174698315,-1.263977403100358
-0.8589334643343589,0.7004935261642387
-0.9152190783891911,0.9242474246667841
-0.49289576813954933,0.14308654591799383
-0.3775652139567532,-1.4674448652945493
-0.7026803641514993,-0.15497186881349773
0.5371066654771299,-1.2312636950972895
-0.12877083764519637,-1.6908352518545557
-2.2670876692425126,0.5632305838657718
0.24451257539099833,-1.9272786474220054
-1.7709577671941994,0.2703113022872226
0.6290978212879907,-1.6779037624644706
-2.565835085325632,0.7754790012859499
0.48069240509228706,-0.5656297840434512
1.0923972755430325,-0.480399583382058
1.383874387581305,-0.7153077185150268
-0.7925090128323534,1.6500091000053034
1.2251335542125579,-0.5881539501800619
-2.5609145767701267,0.674117539316173
-1.0724611208741444,1.30316484159411
-0.732783829054288,-0.7221056828871708
1.261109761552507,-0.44989385219364303
-0.8249700318098172,1.5530051466190082
-0.20851758071402954,-1.1781992982453984
1.0809986988357119,-1.1069165677990656
-1.0199456923703263,0.33134356250093633
-0.27773384639984133,-0.5967797748404176
-2.0021572376373933,-0.39354853453377703
-1.865462441379103,0.522219257072264
-2.6110967100225926,0.3802357280131273
-1.3260721094329107,-0.02248274646241891
-0.403149837246025,-0.19171973035256365
-1.2720259291297888,-0.8797822022141195
-0.616762582468016,-1.688073394886309
0.05430131210329272,-1.6918202579235728
-1.656806817095581,1.1738433657309566
-2.2230309817632783,0.6899620950224051
-0.5377442108759751,-1.0770248224539107
-0.5855801282682032,-0.6155476296229221
0.3671794059392483,-1.1569247818696253
-0.5103758483074811,-0.7536469429230408
-0.5252031516379418,-1.2168860474713536
-2.418871073557257,0.8317828817757389
0.44541423871990543,-1.7048449557236156
0.7336351733981271,-1.8007899776526364
-1.878415304965055,-0.7161402323244963
-1.2429889852670817,0.29970150848887306
-2.2448045025374097,0.5734632312499677
-0.6125508279846136,-0.6525035810070349
-2.153156718222921,0.9117979886868621
0.050694783940331396,-0.9433433819663559
0.34549173437968184,-0.7478703275857116
0.36993922417947345,-1.8261127362666303
-1.3949520503356172,0.2777076614435143
-1.214912181456876,0.22698909898006372
-1.6806440572309111,-0.24162182525374737
-1.7113133206493167,-0.6346657047709144
-0.865991464656436,1.4331696704587045
-0.4200532921964499,-1.9165243551842834
-0.11164811255850378,5.236089506250262
-0.20263800223065728,-0.414712072214611
-1.6951464989230698,-0.18811225621233368
-1.8227897331533003,-0.3684745336290939
-0.39981740114680686,0.019223758498750652
-1.2836612982933495,0.5183575429245509
-0.5774487317451334,-0.04845405290190928
-1.3109861841253072,-0.8012080277380375
-1.3067392083900544,0.008642423082227917
-1.9583637259136097,0.5649683620667856
0.051821172208267076,-1.8267368083830833
-1.2342826441092656,-0.6162650042576504
1.206655981749748,-0.3013720324864003
-0.17256677888602925,-0.7492604455144596
0.9425061735772168,-0.5716703036799812
-1.7772387079798346,-0.13383964670891188
-1.065771419051098,1.1318337446679014
-0.8264940045591141,0.46151396752351087
-0.550659529737938,-1.7267657887142351
-1.538355356439572,-0.34962609470253203
-1.4876784453182426,-0.47750013039848527
-1.7722446528637517,-0.3097220728686294
-0.983475757294688,0.6006671775276211
-0.4839158225671608,-1.026346567312185
-0.9376779528227288,0.13436505680412458
0.808870146035383,-1.5079763429642656
-0.6848608420447928,1.2696873426389632
-2.3040998262178545,1.0754167305305284
1.0206219030069645,-1.2429932708625937
-2.0635565212734317,2.068313240945058
0.7615613703359979,-1.6632987337458582
1.4920521513460598,-0.9535234137760266
-0.6564965322345535,-0.21099448264045392
-0.6477287053947675,-1.087861385164164
-0.08727839759371912,-0.5688654049845414
1.6005642226014671,-1.1921226794165733
-0.5173882418255162,-1.4058698146540551
-1.0725419353906471,-0.46721158683305325
-1.6519824287945923,-0.046875107372130555
-1.3346180437867716,0.6218838302380179
-1.3404063934634545,-1.023308283825247
-0.3719028143416084,-1.679638154994987
-1.0656102703222528,0.6508195569734966
-0.2794837382808107,-1.245694864034099
-0.36994300094947763,-1.3509636736542507
-2.2155978907974325,0.9904028660747699
-1.6820266032234037,-1.0201055815716775
0.1144927481612416,-0.9384058244303171
-1.71403550244742,-0.9367392252878731
-1.0344569684215497,2.3341399365199416
-0.20747403611573878,-0.8742708100261251
0.07319592628082372,-1.569917479787061
-1.2628898748410786,-0.49231613360222454
-0.9535022652219439,-0.655222089169777
-1.6536274610644743,1.198812449624912
0.36318800355719055,-0.26441078691554
0.34901096537603105,-0.9673813995327306
-0.15451492855012655,-0.32140060305243084
-1.3521558826502162,0.30912992215835594
-1.4587467407625694,0.5928043887047612
-1.3130594754815388,0.3143735830332767
-0.14951167915410934,-1.6860397853529103
-0.20304926184871977,4.708758094774183
-1.5849610848787292,-1.0438131717161927
-2.262926684872532,0.7098999904030098
-0.008391778241033042,-1.1169873814041449
-0.5427760496485112,0.08566624624388994
-1.7648008105495911,-0.48632009250848063
1.295823276282492,-0.5516677870632753
0.20685365792656102,-0.8919383717332905
1.3055059171480503,-0.8572332481095479
0.6390115286495913,-0.26601109177112026
-0.5847899244881966,-1.435307402115523
0.06700033158351419,-1.8855374411226684
-0.7029290272189208,-1.0216651192699358
-2.1903656072154756,0.902919423480738
-0.1763714321145667,4.537245039585319
-0.3961294613681385,-1.462500435463325
0.44024626187525334,-1.2804378310698057
-1.3551165242462553,-0.08946119688895428
0.6068283264378247,-1.4286551246526047
-0.8303077473767101,0.13671832333523828
0.020430229741669456,-1.7170232524015603
-0.32751096380346695,-1.4455234964608612
-1.927687961865671,-0.17958022064820348
-2.374429863162993,0.8613073468198846
0.5654844585264528,-0.9951928459433314
1.0951633297571286,-1.2546222590165506
-0.5386606148596887,-0.5846478915093702
-1.1322965524039115,0.32371353934722
-0.23702007005416947,-1.51934935913718
0.46103570842483654,-1.4825522538964597
0.6698981399973706,-1.2803249755420387
-2.6213289530582227,0.9923290295072555
1.3182019583215612,-0.8405005541624128
-0.06867306617638529,4.918621124423063
-2.484945274208488,0.7764320688663284
0.5240469995448468,-1.3370929736886719
-1.085118802920707,0.32622927611168234
-1.2151977810252776,-0.027301581557123762
-1.9540903004532546,-0.33016196091887273
-0.6225571805583974,-1.2826316968049425
1.6201666144875628,-1.0626649430165118
-0.34175553080358284,-1.337847982694095
0.761242293970694,-0.7620956102711103
-2.6607518448527414,0.48340114067728607
-1.8216023334577471,-0.09280304370012353
-1.3504405139126294,0.021884772880769027
-1.2548957579601412,0.027509839426148788
-1.5424923966983932,1.288384245345191
0.4665818291498782,-1.2320820594694175
0.5185247382499271,-0.7482610407733651
-1.3588601552483637,0.11917223608749078
-1.8446664545026734,-0.3512731550321967
-0.24882254960568734,4.8916684918525
-0.2130345089375789,-1.3830134120116704
1.5723630840950413,-1.1841038112692237
-0.6039116508779254,-0.07546920342589522
0.5124891928788157,-1.2786008284052661
-1.1243602642676267,0.35230787794869595
-1.4259531567806678,0.3296259248471475
-1.39459898440979,0.7939904724452514
-1.2577084255776032,0.19361254419395688
0.27485212359191763,-1.8374068829295047
1.4606323105699468,-0.5720568314344221
0.35009608411177895,-0.6882440274488432
1.151164310713585,0.05024704922763656
-1.004846958039333,-1.5024832117003215
-1.4514501594260443,0.18682730012311435
-0.4166352551116941,-0.25402113716821695
-2.755075090572128,0.579341483352664
-1.04815896480906,0.6549911572681091
0.19824298096750176,-1.4136442057642233
-0.4183924163257128,-0.6548702786670523
-0.21218517484713656,-0.9623294969305392
-2.2981905689400324,1.0622955336283424
-0.5518103481623443,-1.1107538423446601
-1.2490409048236386,0.2718310390651921
-0.12064800311113572,4.507192956221199
-2.7567869235853952,0.5460009562328132
-0.9591846858463478,-1.5294421196878307
-1.3352362733749465,-0.474657845159628
-0.9574685272900543,1.3791496111011343
-2.3128446918907812,0.6925605192512223
1.070397358389063,-0.5794062576676554
-0.39004915066634976,-1.6835403638348991
-0.8774124136376431,-0.746513256230906
-1.372094217495857,-0.6203988838145587
-1.394601488315373,0.7939872704811359
-0.5308678663301446,-0.574025458876148
-0.8549365683169858,0.7958311238655209
0.5776360822484521,-1.378308719007056
0.03644643584785684,-1.7274942945361191
-0.33394521847461295,-1.7210427191017994
-1.282928960535956,-0.8965040401217859
-1.7298027202242336,-0.4592191205247023
0.24924399163127353,-1.5927586038000427
-0.6301824366945303,-0.7046509836853301
0.38107972978067567,-0.7782151000275733
-0.14550148034730132,-1.2836727789373819
0.5344500239729841,-1.0082571937280271
-0.4166503674452539,-1.047112189933154
0.4058300670450214,-1.1038721573319505
0.7014936326147889,-1.7351095631891178
0.06946627201130788,-1.6596056880606216
-1.6023324167884392,-1.5093673779677785
0.3864557602747503,-0.7114636141849332
1.4967500856081968,-1.1482454400904767
-1.204639275766429,-0.7684986242172345
-1.0059490388976202,-0.7525204422821226
0.24969765689952225,-1.3814063752257397
-0.35345955293993697,-1.298451708618828
-0.39533475907883586,-0.3118657714034469
-0.41792141016716083,-1.7125678589209077
-0.45633636264800986,-0.08160170838075341
0.293155921348281,-1.25496381905444
-0.9671957048470721,-0.5051688486768225
-1.6722079726174195,1.1364139568951064
-0.4202528227778113,-1.2062470554152431
-0.4851154235831911,-0.26109123309716364
1.3941102672034102,-0.7815667271376046
-1.083936710697397,0.508740702221276
1.0288354505633766,-1.4763789379486092
0.23195806753894777,-1.6359170925789455
0.9279942029060102,-1.3996984698027541
-0.4704306652463988,-1.0922553473158398
-2.187703554738041,0.9577252515921947
-0.8625296027345221,1.1395244099094894
1.643780080025356,-0.6917945786594087
-0.3092541468797904,-0.6960425800808202
0.1824801710936631,-1.6667911605534693
-0.5305246058315398,0.033337258015237126
-1.8157347860219402,-0.07332840779896946
0.2925134364270041,-1.3341642958166036
-1.1089937574434223,-1.5310235589265855
-0.5913519966353417,-0.7188681489330738
0.6192841737374104,-0.7132273248813269
1.2539740686022167,-0.7938257544450796
0.11278517005608919,-0.43879155999354225
-0.12445991838438468,-1.8823747277990108
0.5180720966004567,-1.2903161559518657
0.6523455770186741,-0.46757962223490446
0.46443400618605796,-1.024644148067686
-0.8274124472631854,1.8687431418215124
-1.2980807034951116,-0.1159762087044217
-0.491560451648165,0.011649819376562317
-0.8331633837301408,0.16610885823084212
-2.0236387672913163,2.006338698348707
-0.09908501096249005,-1.0069342081590225
-0.9487633669786897,0.036851252690773335
-0.4568274684069547,-1.1250805630470488
0.8819261957513906,-1.008472973720951
0.44665465989047903,-1.3393167937402939
0.46390369732151615,-1.6772877165317461
-0.8475491453355786,1.8880665592620836
-1.6017229811752944,-0.39323973290877484
-0.4969657485244617,-0.16852077486118774
-0.6647657917927753,0.388446870750817
-0.9789243571519268,-0.14310304139759175
0.31930285523584945,-1.0098389326741932
-1.538824389975661,-1.1460132081368106
-2.5104358013571066,0.8646839176072845
-1.4301658844789884,0.2644848751797492
0.29265999961632483,-0.8083950449200294
-1.553799995967702,1.229535555414508
-1.3898037346192451,0.7800648516470474
-1.1923494684477127,-0.8501698984570022
0.8029977253802055,-1.4187757514153072
-2.4501618916473893,0.8749989358298698
-1.3060931346871731,-0.8121764200787353
-2.7088487663221636,0.578657712259852
0.6469118633300636,-1.7778081983060467
-0.1997566788265847,-0.6206389372119829
-1.3554942945075465,-0.7127260493095051
0.23294141542460775,-1.6526044260915955
-0.24152383156261056,-1.5005921693813624
0.41313841051300804,-1.4502300359872697
-1.208026920718007,-1.265633078782503
-0.6569257630025467,-0.8599264950276344
0.10223366459245352,-1.1048202540410355
1.2570495677738522,-0.5173573527786016
-1.5343164278935337,-0.8128926598659367
-2.4158612789529523,0.7472351104898468
-0.2721721226397567,-0.8855422913911452
-1.6954255119252344,-0.4351657471538126
-1.3022234065615264,0.09536397099302407
-1.2093418059718095,-0.9703330680980115
0.8317366614701063,-1.347131888756787
-0.475616542725707,-1.726289670761544
1.2080428989691903,-0.4739761303604885
-1.8969772598077523,-0.3823561824068246
-0.6329955917303156,-0.13358715237079874
-2.044367525292205,-0.3746906808084504
0.3020745902169213,-1.0728744871131703
-0.9651559926017652,1.1586074912894322
0.008663938802003543,-0.4061400053723349
0.8993914639119079,0.04588085203247854
-2.0337847558599096,0.5689010884337687
-1.212273004748039,0.32330428026234265
-0.8165932896139532,1.737394679933928
0.285250110667796,-1.4796054143043513
-0.1968158256380237,-1.0171452279188187
-1.1008330143775589,-0.9156914491925227
-0.8493412100255442,1.4972012480726078
-1.635866631824153,-0.40452215064119484
-1.2342540054296685,0.34023695184581765
1.5563218678281197,-1.0842875027964425
-0.087455157821015,4.920635034154277
0.33613183840280364,-1.354614262443193
-1.1698266373958968,0.38495785942125266
-0.5603220750370087,-1.6970583026111428
-1.8615066424730355,-0.46248638806383685
0.0757180033545886,-0.5141299593009783
-1.5741052936021287,-0.751871047364071
-0.599729605109179,0.06298493573825999
0.8296508528410733,-0.5696917403882222
0.6889803049861687,-0.5677985145953062
0.7670342558067559,-1.8115079699455157
-1.3725087843737334,0.5893862925100095
-0.7322878614503506,-0.07714603578347684
1.1579915582557467,-1.5455468423764585
0.5654433391752111,-1.4335014790805298
-0.6423701556663988,-1.5793038477168582
-2.3909372722229754,0.7222858068305033
-0.2845207475867164,-0.8832449045643985
-0.4890575380053035,-1.4660416468962831
-0.9890704861085122,1.1829066500708767
-0.06527471529278694,-1.4312455291536679
-0.489119766575049,-0.807793211517215
-0.4810973400474326,0.544783702079163
0.059682926320791065,-0.7000009835869263
2.1763323314151166,-1.014769858048482
5.309908378492772,1.6309881997946212
2.8251535430850914,-0.7911196371158824
0.7047525308431454,-0.6396800866244274
-0.563277995753748,0.6711970617072428
-0.6879899290236584,0.7800025623018466
-0.016885225686454716,-0.6086836571135932
1.7101591410222812,-0.9317393757731446
2.504186559238861,-0.4713635417065455
1.6769845679827708,-0.8371805947067414
0.15540795027029428,-0.5828645417605994
-0.9919245059669,0.7452365646806016
1.026972003779454,4.867111557831874
-0.3144805356952272,0.695559839012064
0.7949483292018198,-0.8880876683994332
2.4274147274450524,-0.7327986518082505
4.807952964186802,2.0446574931423087
1.7374204933310944,-0.6409316467086197
0.14093186254046763,-0.6781702367672765
-1.3620113405729155,0.970979347960203
-0.5803601706931266,1.88214380027827
0.5041282744553872,-0.29080719754001305
1.91552910853371,-0.49303707881651504
2.5241617801289222,-0.13012980060774684
0.902875235251663,-0.9193233188627212
-0.543708373353766,-0.6276010099648259
-1.5581116774868968,0.9033635536918354
0.6216898740704344,4.722140870785264
0.7258805784355152,-0.16309057601345375
1.7854151138263947,-0.7782438415864189
1.5576583056038524,-0.6732361667848255
-0.2665044353994931,-0.7372355848584279
-1.5119933282509546,0.37319114994267294
-1.8599776697771169,1.672229058589477
-0.7922522235040633,2.7757824441616377
0.15354653365037138,0.4121598942117028
0.6858773709458323,-0.42031049216635524
0.3538096390606511,-0.4817019534560532
-0.6942628782136985,-0.3666628405400607
-1.1137652435040237,0.10740856733395743
-0.9690580259639098,0.6882920204502241
-0.24075230920355606,1.4103269027304632
-0.37805416345419157,2.110083670504804
0.28325868100149987,0.6479597727866131
0.5395845962511987,-0.02482482689819838
0.08514759192761878,-0.05276080172091437
-0.6138663118967408,0.08612381378924706
-0.459467685142487,0.10864278888326187
0.04470012422463035,0.2353071797483595
-0.009250810184371346,0.47968027188047063
0.8130233902626972,-0.5714762340016986
3.968130319539538,1.774062413017178
4.148262479158135,2.028521264526658
-0.16491525813329613,0.5086086573628725
-0.3685359986203364,-0.2710196040878838
1.7083751114071362,-0.66040787219064
5.472252960095983,2.2712614213297346
4.423541897054771,1.9652724197825786
0.913608813886775,-0.33928916562818384
-0.4535396969714494,0.8280187267406589
0.12251584223826505,-0.4019591118704575
2.1436940124555606,-0.7952086640546315
5.212256841880652,1.7502584960530714
2.8252061512166193,-0.6436933255617768
0.682740379233187,-0.4687125129665956
-0.5611552560046699,0.9090737154110731
-0.698798192558502,1.0381304909303686
0.06105935356491144,-0.30364850987643954
1.6989961435486627,-0.6271152963212667
2.475172519194598,-0.28716866855302076
1.633717044331311,-0.6919209107924826
0.17577139998601876,-0.46358670686071785
-0.9693573430346919,0.9625623457744135
1.0104254731858089,5.044105986316484
-0.367664850721595,0.9188830659501931
0.8899537559266065,-0.6383739521295045
2.4867703283756533,-0.4365899420245937
4.727324255752997,2.291256932745944
1.672350028212193,-0.49490141665606424
0.13208255982056527,-0.5748574489534485
-1.3464219908864934,1.1749876064583435
-0.5678762720913748,2.0328541158871465
0.5126538142582912,-0.12961144328033528
1.9887563477301033,-0.3595436966373938
2.392823309490483,0.023261338626231053
0.8507130455817261,-0.8297112046253856
-0.5020787454961889,-0.5411717169611256
-1.5184089384057604,1.1277042466700529
0.7048912063904101,4.831646172913001
0.7769930743647221,-0.00926542447866318
1.8609412193091075,-0.6695746118309174
1.6206937812743638,-0.5831343219389116
-0.25067380174149095,-0.6454037975755663
-1.4883269905859446,0.5085601859660992
-1.8062462937262096,1.866841114612762
-0.7419288182036047,2.860606946324962
0.15444469158393523,0.5011406111136064
0.676813355560908,-0.27049187472181163
0.29225290840332663,-0.3188211456916267
-0.6715955246103029,-0.2062960035228207
-1.0906510039422423,0.20083953878620767
-0.9260449309430727,0.835575874324738
-0.2132015855577744,1.6055497575905342
-0.34038866284497643,2.2379879497641344
0.25414655816707754,0.7442150232572579
0.5166419065100688,0.11024413498763204
0.0064308808349355625,0.10540349478193838
-0.6432020409538061,0.18676710746413985
-0.4554628696460771,0.15972078609567036
-0.021536338938029004,0.3075604548261721
-0.049399495767686145,0.7314923458501106
0.7459357488936973,-0.3247689788737053
2.4431890978596753,0.006646727610459742
4.015943977018601,2.186570553299307
-0.16573181426910472,0.8101043388291165
-0.3162953087401703,0.035427097726650675
1.7576926363402416,-0.4385649348179146
5.470776355482437,2.3302460185337623
4.342354581661209,2.064387508420765
0.8762130696761447,-0.22220881032458334
-0.4285549085001914,0.34002731655242296
0.43724697298434206,-0.8454080281944347
2.5039273695368585,-1.1870630984622461
5.327925412629775,1.16521700595143
2.5317851059885883,-1.258999768603312
0.4880220962365098,-0.8938923686993939
-0.5906979587907953,0.6740265421226288
-0.6226994652139731,0.5366908963884992
0.25781298724972723,-0.6925484890716782
1.8354834678466114,-0.9505866065279266
2.4684751424793903,-0.7411631632482417
1.4328333177463326,-1.2083731797734434
-0.011996701188812813,-0.7286440341297399
-1.0328308311205041,0.7879318528401897
0.7972498580518211,4.836220347369574
-0.1983545706210583,0.37602050407954946
1.0409191983871857,-0.9239646380550118
2.4744502673627786,-0.46863005777952327
4.437249340604709,2.0577024145762617
1.3749881004411302,-0.8209982024991547
-0.18827661835246615,-0.6807710094960189
-1.418430970362182,0.9714755901892892
-0.43605230542535905,1.4845096803855389
0.6940152871851398,-0.38227302231464694
1.953132522144777,-0.3064852488848383
2.0985159782516027,-0.2108091084324023
0.6825161955590806,-1.1542073181719072
-0.7937967454068688,-0.7118961811937293
-1.5280461822061875,0.8401001793685385
-0.5539507205347273,2.2905623394482046
0.9286052205202395,-0.19375803146006002
1.7716239043622213,-0.6642660593075579
1.1240569925386066,-0.7357610385425641
-0.4301865153085689,-0.912538521988764
-1.6717962766375873,0.3469440403713814
-1.7554147950184802,1.48750340194457
-0.5150817431302123,2.408708958152266
0.30207004797694004,0.17313106601427516
0.7366845903137066,-0.6202670605923495
-0.015406665430103722,-0.7189913416274345
-0.8007812513135096,-0.5831828780391506
-1.2500176696954015,0.005575698282612909
-0.932748462242707,0.6386208284830848
-0.31506748155239495,1.5513187521184002
-0.18126964087409014,1.9135480040896897
0.3262338321088122,0.48438351812333746
0.4494485740578043,-0.19700010859118505
-0.24742867421276904,-0.1827134413708844
-0.6634345372247834,-0.20592957799807032
-0.4690928368625334,-0.1941043129856898
0.04965188029924409,-0.0011872052735253666
0.10287737726772811,0.19070970929667247
1.1489606507646053,-0.6457015637695185
4.192109027379018,1.6288780093518413
4.0861347279019276,1.8333762273951122
-0.28749462446442553,0.4064188352164531
-0.09955780268891096,-0.5070674187937589
2.2728381307187253,-0.9104349155616951
5.585493999730972,1.7279441782641518
4.181293901244306,1.4448553697844384
0.7442346417596231,-0.6545719279634389
-0.4590872313425936,0.7345874059332057
0.02371454274968761,-0.5082302477442554
2.075666716796681,-1.1067752979988421
5.085957693491881,1.4016055588152154
4.300627328869432,1.0359361825467006
0.7868771781054396,-0.8056538483252592
-0.49609495121598185,0.5563752730587471
-0.6701548349828078,0.9497876982383462
-0.02294869696205843,-0.4314751515233639
1.6724385162496398,-0.99180049044265
2.464433570521517,-0.6198478689009691
1.6472020387584934,-0.9802780320349845
0.23021076984116043,-0.6977850269263141
-0.9559861234665362,0.6579416699660138
1.1639630454134968,4.914287243114155
-0.39284308924461525,0.9731601345156753
0.7298430951952195,-0.6719125033813153
2.3515454799170064,-0.6884697883573468
4.756726582633341,2.063268346598519
1.758546367529749,-0.8047379933872449
0.29097355250017903,-0.9107627944332516
-1.344179681173231,0.8998624771311277
-0.5967019709666328,2.1459438686578864
0.4263449676907193,-0.08711983085183571
1.7925288586677848,-0.48374337611776425
2.329315372289668,-0.10523627420897634
0.7988243145737108,-1.0319346448546542
-0.49769809774147844,-0.7812753541494517
-1.5502167605154618,0.8671005947605633
0.6298404352278313,5.055626298762069
0.7457407719190821,0.046640260710133066
1.7444758690948856,-0.7749944856969387
1.5303547709621736,-0.6790116512155133
-0.20720873288078126,-0.8774049621460913
-1.4347564965723025,0.27051480025014746
-1.8704277494623793,1.7300252394665139
-0.7858342547994884,3.006935294956092
0.12380831029035098,0.5808744447358655
0.6552995301853131,-0.3926615876391225
0.2629551861387184,-0.43969677058074863
-0.6744263279651217,-0.433555878549718
-1.031882062701762,0.026728899465557163
-0.9254235092949702,0.6985165425442333
-0.22870572388266938,1.3623258041462138
-0.33444051994397483,2.213180564330213
0.2983531454782812,0.6832787869560376
0.4776074933898139,-0.05130372016597281
0.02306709239996659,-0.093992887823606
-0.6292726156205103,0.057122159429467474
-0.37492384227740977,-0.007901181026344163
0.05486383554457103,0.1571289243142348
-0.08392749736454422,0.5153708064089823
0.7093524993952073,-0.49778949677926465
3.929400994186651,1.7406727564028717
4.1915426044605235,2.0739430648593036
-0.0994055487078999,0.5178873668613159
-0.35472717047809404,-0.16559286384698696
1.6563403270748072,-0.6841438332808064
5.407158999571972,1.9363323945667668
4.440821970496008,1.749550912149803
0.9896732495512731,-0.5730709426509577
-0.41672730698076477,0.3097125990837485
0.46850387980500197,-0.8053635630663045
2.5345232174370897,-1.0513626270326686
5.214585116836201,1.343637368145548
2.482627771180124,-1.0717109033186618
0.5159238535917213,-0.6862548547635533
-0.5382226914579533,0.8511128528047058
-0.6337598371045412,0.4757728858327817
0.3421127003312612,-0.764779010186184
1.9354237501233738,-0.947873814182623
2.5294236853113676,-0.7294779566486295
1.4551747061613955,-1.1273830271171896
0.054086413571510464,-0.6353187112465046
-1.0258636455762922,0.9719340411554082
-0.6765047178276381,2.755740561197351
-0.1918081238733271,0.25965062581977794
1.1145762934346313,-1.0064449058658238
2.6706694325647025,-0.5456363609304391
4.53764972684256,1.8673752159157138
1.481775352463467,-0.9035384073560202
-0.08399360146947697,-0.6437525775622507
-1.3775207276772474,1.1543560648226665
-0.41190874890693324,1.3175049425390812
0.7890998077687547,-0.6028978544552343
2.150309564107632,-0.5110134948632026
2.2275547344980158,-0.4521580231579774
0.7005552585804052,-1.167277247676378
-0.7578793490749969,-0.5808417531224904
-1.480517804972135,1.00700235523577
-0.4246838576961721,2.026023710301549
0.9392199133935258,-0.4646649693258421
1.9772109476625677,-0.9359430928423412
1.354501356143766,-1.017795987605313
-0.4347190185068764,-0.7909939570697213
-1.6725461530749604,0.5681275789758965
-1.7213599806833293,1.6688827470328642
-0.5201824227735498,2.178096103011005
0.3509536090060692,0.012171161389012052
0.7821686221800808,-0.699107036880396
0.0989708755679134,-0.7623371794082989
-0.7163410497073359,-0.46839316891311045
-1.2086105694129083,0.1889562099856094
-0.8537081079201375,0.7842398811669425
-0.2752435629225536,1.6037807434938107
-0.16232120520729768,1.7424870271462929
0.3765699328287677,0.2974557828277081
0.5310790009720755,-0.2876292918031888
-0.1598330773245726,-0.256575001387638
-0.6126272723193495,-0.08535925046512337
-0.40817274516839197,-0.05207583142278024
0.05424365698382417,0.15915351741181194
0.11648153931830833,0.22863512227680935
1.1013928675337223,-0.5214807105758845
4.153147371122603,1.739097912287744
4.006002198431754,1.9806140787529658
-0.22748999179010373,0.45007228807244554
-0.04057893112148134,-0.44298688760858523
2.246918246163999,-0.6685207334821326
5.5082272645008805,1.9823521995306104
4.02228685788953,1.694455761882211
0.7250539099407555,-0.4340350632638007
-0.4495047412040308,0.2593426213271565
0.3636552114204535,-0.9217098419912979
2.4082383016223474,-1.124278102161808
5.305606408907195,1.3018151143480745
2.450626980790765,-1.0656542504723368
0.5026207837752503,-0.8248631463924848
-0.5867014196788056,0.6738506121502177
-0.6399388664446126,0.4451663956882446
0.28222037821539264,-0.871984906847068
1.9243151491761332,-1.1380106816235656
2.528389160168776,-0.8665421872219069
1.4781431643907872,-1.295666605279287
0.05779904931811868,-0.8390346245871673
-1.0305662521984755,0.7557468883687566
-0.6060744546844224,2.7776606048110692
-0.1995436826684567,0.31675358087276817
1.2106267012271401,-1.1181503093376504
2.618687333561969,-0.7431012889377567
4.676604319581333,1.6921546423472213
1.540293262785841,-1.1432348177118725
-0.047813534151562045,-0.8926642547428744
-1.4186574842332174,0.9638061205486333
-0.45352039064991273,1.4812418192956807
0.7922926499703667,-0.5539642806407855
2.210044925607059,-0.6136164444020912
2.2535805825571393,-0.48325149232975245
0.7236440633271674,-1.3553950262695327
-0.7585313303903833,-0.781664505479415
-1.4914779709256145,0.828542523390806
-0.4505840901762609,2.271842026066168
1.116187804130473,-0.46264802098501867
2.0132620703361375,-1.0265334104051775
1.3523152576992343,-1.0602056870486065
-0.3628250373346272,-1.0257820189573492
-1.62728654601857,0.32059800489575013
-1.7446612954818255,1.5406284595398874
-0.5089463932208153,2.427216141944976
0.32626529990962366,0.1910791624016537
0.770895437527964,-0.6035056688025525
0.1166156273386505,-0.7265382894525482
-0.7294240027851207,-0.6095405737340144
-1.1994816601406093,0.008270721199074963
-0.8730314569678039,0.6288875800938205
-0.24842692707236988,1.5576166409212229
-0.18485687427442327,1.9397943046667177
0.33509125568048737,0.5065604599816051
0.5023787755747996,-0.11852150349139677
-0.16672377064569394,-0.1296656940571004
-0.62133594960987,-0.09024916249901486
-0.4305612042999919,-0.09447404609073252
0.10475258248609469,0.08625178412157757
0.047047936662227556,0.24006856575037358
1.0461754652451716,-0.6118773513480433
4.251500510795021,1.5903412073387442
4.149549190059907,1.849559200869926
-0.2648533596574843,0.3877322316754245
-0.1327851852921874,-0.5255397862466671
2.137264797249877,-0.7614443125180423
5.510385454173884,1.9256353212527586
4.181129608348931,1.6367872248666313
0.7554075059056858,-0.5458996394537573
-0.4324369058844074,0.8918895357212532
0.12986869893740996,-0.428063759477911
2.2692794398960405,-0.9051878830816968
5.354978800795724,1.5521477560489374
4.280098244285566,1.096982839722514
0.7162785445686387,-0.7847867582752125
-0.5651282556202613,0.7014656692156317
-0.6596350203941845,1.1107448068990422
0.0009087637098237831,-0.3088636139608092
1.7540778074683125,-0.7561479371411588
2.6486267626454985,-0.5816697758637261
1.7829871937372865,-0.9447588578067451
0.21385282702991756,-0.777237162891983
-0.9752062964901201,0.7764157151848831
1.0277390467004794,5.266826847598448
-0.2725153865436668,0.9645749503180282
0.8394309403720586,-0.6147869758008607
2.481686392935762,-0.44468439961205225
4.791549354572499,2.1080996139532533
1.8010980347410281,-0.7125868274293764
0.19076868387675092,-0.7920303440482486
-1.3366934651926838,0.9808561001396588
-0.4634375596515606,2.116100427489338
0.6538796511974472,-0.056004986217235916
2.005641939822194,-0.3489189838525604
2.5064639250607867,-0.042959750545262215
0.933836439068783,-1.007407001575098
-0.43799930256340547,-0.743063287525538
-1.5394765830245416,0.95009300025749
0.7246949045680797,5.001985562743445
0.8527966003140782,0.12219186112581683
1.799093468423363,-0.4754007164252209
1.480109844564651,-0.3208567474066141
-0.25560230693402786,-0.7141556648075209
-1.4559374211375518,0.289132074586866
-1.8396837635265715,1.7007834016100796
0.7123593574847308,5.107173067166764
0.28967154999504097,0.5581513033260306
0.832664382995876,-0.4363922323109433
0.39268931142315855,-0.5097741021264537
-0.6611102868083717,-0.45905677107204285
-1.1224184949912512,0.11139060368639
-1.0018044839007227,0.7939573207975118
-0.2388783263876249,1.552271816285061
-0.3713494336783312,2.5314883399554673
0.37406049144211706,0.8049418247983852
0.6206021617841194,-0.03757469529684996
0.14787281515551953,-0.10403012260710054
-0.5965000115638616,0.03482764584693024
-0.48202747315953365,0.17932319942379218
-0.018012689813823417,0.3052097830478145
0.08334727435474713,0.884881137789585
0.9214745982265293,-0.3816893866358085
4.0569995552735465,1.5829392288481876
4.242588002211788,1.9170472503845457
-0.09778504803390325,0.9453122961047893
-0.3395986642161996,0.08902528171367008
1.7126104858365694,-0.5014267161636278
5.432700533456182,2.1662652908444495
4.430107149938095,1.9889613357784137
0.9735175376630748,-0.38588588970010307
-0.44856412917313393,1.0137052012819103
0.14842738612678624,-0.3042137598400169
2.186982243726456,-0.7670291801916762
5.3483073470400635,1.8463472429826235
2.828503903833238,-0.5729232296541182
0.7334320630758602,-0.5301396799927587
-0.532885069377301,0.7548697454496685
-0.7067351463175895,1.2978092266584627
-0.018583204641699644,-0.17144288161615662
1.7387841262857757,-0.7457262040439372
2.6641630515594357,-0.4293132712938859
1.784469796481829,-0.7912532624520432
0.20411032938095014,-0.5588063914301434
-0.9571848462096669,0.829995621864219
0.999535213510741,5.321868203486024
-0.3561664202262078,1.1382101462724425
0.7385737851379243,-0.5141797166448556
2.4841059090615594,-0.5184997737789999
4.733509802228696,2.179846757206903
1.754363754993752,-0.5631921974739728
0.1972036826729715,-0.5802039730799544
-1.3216552273194817,1.1173523305905562
-0.5104145346810216,2.2440891657365447
0.5462457680461663,-0.0010781870260727618
1.8715541210023257,-0.2969987221732127
2.464508289615465,0.05464797257335945
0.9496652106213338,-0.8045686027176715
-0.40974131947395825,-0.5653049471393192
-1.4983723147629684,1.0927839312287764
0.735454947488635,5.125735229512138
0.7505318444735198,0.1977534503335966
1.8363790101753854,-0.5451536905512497
1.6083152377424341,-0.4254439573392214
-0.18791533422110984,-0.6922774760766038
-1.4283401710015027,0.391915625496248
-1.8213478444314772,1.8675691053031178
0.649170174620504,5.215335940413362
0.3303169677492086,0.6073042328109455
0.7951814941115336,-0.3140055032251804
0.3850965358137628,-0.34753089275220617
-0.7072929913849948,-0.1873867013465054
-1.1532117449594395,0.3019372095292736
-1.0172423945298372,0.9975609942758749
-0.30127172016425235,1.7176743409075295
-0.38665246643879864,2.5905813260453274
0.3003072517189918,0.9275426115220698
0.5393586238012488,0.1539774138803792
0.08155455088725584,0.11325740919340106
-0.661305826036568,0.20187784866822936
-0.52381273292293,0.28301930962536415
-0.06183716458264048,0.4560103386868883
0.10449300740991405,0.9487297184496315
0.8191588386112701,-0.24319694687186996
2.432076573851343,-0.08527341641664707
4.022425543068001,2.118780226550626
-0.08856904274048395,1.0072555933255258
-0.3039870890684444,0.22927277525434575
1.7165603966935035,-0.4073675020700039
5.431376651576845,2.2828046770369443
4.370968693622705,2.0590294299397716
0.983694442169512,-0.281114722870803
-0.47234372639978217,1.0232381554599754
0.10849645933985315,-0.26671806297143597
2.186394068443243,-0.7025906874071085
5.321131081092599,1.8295465644292024
2.7419347036708035,-0.5547975759201957
0.7301341448135037,-0.5455173188559277
-0.542167907315883,0.8108166915798157
-0.6779212614209921,1.2542490585216595
-0.033866002059139734,-0.16382116069988983
1.7222467887315396,-0.6596501265178372
2.6046920734507157,-0.355688578554238
1.7404446255320043,-0.7368591401072515
0.19269003153204906,-0.4981553651263132
-0.9911793130308962,0.9224733222089299
1.0086333369890055,5.298656990445855
-0.3426287441167568,1.0563033317838575
0.7227253915764562,-0.5212083496289688
2.4108661192537837,-0.3809669109704425
4.756752716929644,2.353573630045712
1.7419908407961577,-0.4196857181143182
0.15238506109673997,-0.48255272578590636
-1.3568916716194714,1.1459818390413448
-0.4894371896610271,2.1635176214975615
0.5972294967797651,-0.03775518973689783
2.0075552069310927,-0.3265052833713763
2.4975929967991504,0.14282034399464338
0.9742897193901094,-0.779845812236059
-0.4239667362382395,-0.523930708948214
-1.4958997294975704,1.0888298515907193
0.7081714092098843,5.056765079446378
0.7827826489168319,0.1265271667533812
1.8529729704628157,-0.571647859841865
1.5945204497089882,-0.4324452670558559
-0.14337300028652644,-0.707605392991426
-1.4162082490871748,0.4159893071500335
-1.7985423901017585,1.8058532574558785
0.6938076679869541,5.154982383065488
0.2796088867600831,0.6220688041440855
0.7616668658823629,-0.23816445524366903
0.4139701718146551,-0.3230976710743823
-0.680851981814179,-0.17621165130953356
-1.1293770510876702,0.2893630413546849
-1.0048661252434428,0.9550384718671443
-0.2857051999847748,1.6316997391975114
-0.39515477606757055,2.547710608326462
0.36485355919625134,0.8941654531903551
0.5578745814583336,0.17133990436057547
0.08965577883386773,0.13864799589643517
-0.6492134321440994,0.24415402902336505
-0.5068150720478741,0.22048864912712612
-0.02953446691400399,0.36297272429462596
0.0873645118907577,1.002791117587432
0.8426020085484968,-0.13112151678072587
2.465095340613789,0.023359844163095545
4.008475898652462,2.2415343535216268
-0.10449500255308361,1.0253434433114652
-0.30371442812697536,0.2539439328305773
1.6515806918641687,-0.3371150067817618
5.353872346255541,2.386539491409443
4.281000957211745,2.19109394246912
0.9555170528775441,-0.218532416589981
-0.5071710638293104,0.48789076533071085
0.09465343854097755,-0.7697141994652488
2.199437926373537,-1.1348062280253617
5.223643817734591,1.4193186557642312
2.798693441327112,-0.9602522531836798
0.721661059787565,-0.933183041272939
-0.5826580999293265,0.4792998150936676
-0.7154542327291918,0.6726158109937405
-0.01763034792039203,-0.698441092139711
1.6965957391077475,-1.0046198334645713
2.58776431110528,-0.7332648205809263
1.702439745100457,-1.080399824145089
0.1905156848429108,-0.9219813592390804
-0.9963435098947142,0.5488778067029347
1.0398546371517225,4.773657824642986
-0.3572162989265284,0.5028156053422169
0.6924810010089778,-1.0019184475407619
2.4767491620498516,-0.7611936349700479
4.801408256577931,1.9454447214171589
1.7909767410599833,-0.8847344939960496
0.15062415463494933,-0.9679947049833324
-1.381031362404324,0.7874886638680612
-0.5286666537322033,1.5758843801077713
0.45132566109170225,-0.5113387405081963
1.8748465026021934,-0.6525951465485293
2.573266461845251,-0.35957751351875733
0.9179831458871751,-1.2723121532424282
-0.46102926926684673,-0.9679399902740866
-1.5676552127184593,0.7270161893641482
-0.7682468052041159,2.610447750320167
0.8004743507294224,-0.3589139622185017
1.7969872478816868,-0.9921321482263139
1.5723946267500144,-0.854324190821687
-0.2581989323331584,-1.1322709740934087
-1.5012043835723379,0.08784531701117924
-1.9010521572177628,1.5344090605038982
-0.8055535074342568,2.7409908177605518
0.241399559338373,0.19682623037853908
0.8031687049628952,-0.6850931770348848
0.3497270282025094,-0.7683748168591291
-0.7451650858018577,-0.6117992891545552
-1.166438431101976,-0.06330992872197426
-1.032436686565212,0.6093074068668766
-0.2939300759177408,1.3633227868317996
-0.41028763266095597,2.085990560518389
0.3454492791633596,0.4786566340084975
0.6006054881127019,-0.27442291354595233
0.0822267827165472,-0.3499704312972519
-0.662830007773673,-0.16141785844904463
-0.5218067279703746,-0.08286001685696281
-0.027239262881049504,0.07479235184885454
0.01743759647023977,0.46203180665642735
0.8257857725274188,-0.6555323995861174
3.9372476615955407,1.546017863153215
4.111558875904623,1.8806049628269985
-0.18646351029778843,0.4805752250943497
-0.37846458738072924,-0.310904715797552
1.6575902492318886,-0.7256311537208552
5.479559739007853,2.053785112782509
4.380545181525933,1.838777773349674
0.9431005608464029,-0.5733890915265825
